title,release_date,popularity,vote_count,vote_average,genres,actor,director,id
니모를 찾아서,2003-05-30,135.353,17003,7.8,"[{'id': 16, 'name': '애니메이션'}, {'id': 10751, 'name': '가족'}]","[12, 13, 14]",[7],12
캐리비안의 해적: 블랙펄의 저주,2003-07-09,140.078,18091,7.8,"[{'id': 12, 'name': '모험'}, {'id': 14, 'name': '판타지'}, {'id': 28, 'name': '액션'}]","[85, 114, 116]",[1704],22
심슨 가족: 더 무비,2007-07-25,129.89,6996,7.0,"[{'id': 16, 'name': '애니메이션'}, {'id': 35, 'name': '코미디'}, {'id': 10751, 'name': '가족'}]","[198, 199, 200]",[197],35
캐리비안의 해적: 망자의 함,2006-07-06,142.622,13984,7.3,"[{'id': 12, 'name': '모험'}, {'id': 14, 'name': '판타지'}, {'id': 28, 'name': '액션'}]","[85, 114, 116]",[1704],58
찰리와 초콜릿 공장,2005-07-13,181.626,13078,7.0,"[{'id': 12, 'name': '모험'}, {'id': 14, 'name': '판타지'}, {'id': 35, 'name': '코미디'}, {'id': 10751, 'name': '가족'}]","[85, 1281, 1282]",[510],118
반지의 제왕: 반지 원정대,2001-12-18,144.983,21808,8.4,"[{'id': 12, 'name': '모험'}, {'id': 14, 'name': '판타지'}, {'id': 28, 'name': '액션'}]","[109, 110, 1327]",[108],120
반지의 제왕: 두 개의 탑,2002-12-18,133.227,18951,8.4,"[{'id': 12, 'name': '모험'}, {'id': 14, 'name': '판타지'}, {'id': 28, 'name': '액션'}]","[109, 882, 1327]",[108],121
반지의 제왕: 왕의 귀환,2003-12-01,128.538,20553,8.5,"[{'id': 12, 'name': '모험'}, {'id': 14, 'name': '판타지'}, {'id': 28, 'name': '액션'}]","[109, 882, 1327]",[108],122
캐리비안의 해적: 세상의 끝에서,2007-05-19,145.957,12548,7.2,"[{'id': 12, 'name': '모험'}, {'id': 14, 'name': '판타지'}, {'id': 28, 'name': '액션'}]","[85, 114, 116]",[1704],285
백설공주와 일곱 난쟁이,1937-12-21,144.617,6424,7.1,"[{'id': 14, 'name': '판타지'}, {'id': 16, 'name': '애니메이션'}, {'id': 10751, 'name': '가족'}]","[5460, 288940, 540747]",[5446],408
"나니아 연대기: 사자, 마녀 그리고 옷장",2005-12-07,144.729,8923,7.1,"[{'id': 12, 'name': '모험'}, {'id': 14, 'name': '판타지'}, {'id': 10751, 'name': '가족'}]","[5526, 5527, 5528]",[5524],411
아이스 에이지,2002-03-10,201.563,11515,7.3,"[{'id': 12, 'name': '모험'}, {'id': 16, 'name': '애니메이션'}, {'id': 35, 'name': '코미디'}, {'id': 10751, 'name': '가족'}]","[5723, 5724, 15757]",[5713],425
파이트 클럽,1999-10-15,138.139,25195,8.4,"[{'id': 18, 'name': '드라마'}, {'id': 35, 'name': '코미디'}, {'id': 53, 'name': '스릴러'}]","[287, 819, 1283]",[7467],550
콘스탄틴,2005-02-08,156.526,5940,7.0,"[{'id': 14, 'name': '판타지'}, {'id': 27, 'name': '공포'}, {'id': 28, 'name': '액션'}]","[3293, 6384, 10959]",[10943],561
몬스터 주식회사,2001-11-01,240.059,16115,7.8,"[{'id': 16, 'name': '애니메이션'}, {'id': 35, 'name': '코미디'}, {'id': 10751, 'name': '가족'}]","[1230, 7904, 7905]",[12890],585
타이타닉,1997-11-18,231.518,21789,7.9,"[{'id': 18, 'name': '드라마'}, {'id': 10749, 'name': '로맨스'}]","[204, 1954, 6193]",[2710],597
오즈의 마법사,1939-08-15,134.812,4696,7.6,"[{'id': 12, 'name': '모험'}, {'id': 14, 'name': '판타지'}, {'id': 10751, 'name': '가족'}]","[9066, 9068, 9070]",[9049],630
해리 포터와 마법사의 돌,2001-11-16,436.745,23572,7.9,"[{'id': 12, 'name': '모험'}, {'id': 14, 'name': '판타지'}]","[10980, 10989, 10990]",[10965],671
해리 포터와 비밀의 방,2002-11-13,355.829,18944,7.7,"[{'id': 12, 'name': '모험'}, {'id': 14, 'name': '판타지'}]","[10980, 10989, 10990]",[10965],672
해리 포터와 아즈카반의 죄수,2004-05-31,291.505,18627,8.0,"[{'id': 12, 'name': '모험'}, {'id': 14, 'name': '판타지'}]","[10980, 10989, 10990]",[11218],673
해리 포터와 불의 잔,2005-11-16,331.712,17920,7.8,"[{'id': 12, 'name': '모험'}, {'id': 14, 'name': '판타지'}, {'id': 10751, 'name': '가족'}]","[10980, 10989, 10990]",[10723],674
해리 포터와 불사조 기사단,2007-06-28,258.489,16957,7.7,"[{'id': 12, 'name': '모험'}, {'id': 14, 'name': '판타지'}, {'id': 9648, 'name': '미스테리'}]","[10980, 10989, 10990]",[11343],675
해리 포터와 혼혈왕자,2009-07-07,348.495,16795,7.7,"[{'id': 12, 'name': '모험'}, {'id': 14, 'name': '판타지'}]","[10980, 10989, 10990]",[11343],767
나 홀로 집에 2: 뉴욕을 헤매다,1992-11-19,199.31,8030,6.7,"[{'id': 12, 'name': '모험'}, {'id': 35, 'name': '코미디'}, {'id': 10751, 'name': '가족'}]","[4517, 11510, 11511]",[10965],772
슈렉,2001-05-18,309.175,14488,7.7,"[{'id': 12, 'name': '모험'}, {'id': 14, 'name': '판타지'}, {'id': 16, 'name': '애니메이션'}, {'id': 35, 'name': '코미디'}, {'id': 10751, 'name': '가족'}]","[776, 6941, 12073]",[5524],808
슈렉 2,2004-05-19,214.221,10395,7.2,"[{'id': 12, 'name': '모험'}, {'id': 14, 'name': '판타지'}, {'id': 16, 'name': '애니메이션'}, {'id': 35, 'name': '코미디'}, {'id': 10751, 'name': '가족'}]","[776, 6941, 12073]",[5524],809
토이 스토리,1995-10-30,254.474,16025,8.0,"[{'id': 12, 'name': '모험'}, {'id': 16, 'name': '애니메이션'}, {'id': 35, 'name': '코미디'}, {'id': 10751, 'name': '가족'}]","[31, 7167, 12898]",[7879],862
토이 스토리 2,1999-10-30,151.855,12064,7.6,"[{'id': 16, 'name': '애니메이션'}, {'id': 35, 'name': '코미디'}, {'id': 10751, 'name': '가족'}]","[31, 3234, 12898]",[7879],863
아이언맨,2008-04-30,124.807,23527,7.6,"[{'id': 12, 'name': '모험'}, {'id': 28, 'name': '액션'}, {'id': 878, 'name': 'SF'}]","[1229, 3223, 18288]",[15277],1726
캐리비안의 해적: 낯선 조류,2011-05-14,191.61,12418,6.5,"[{'id': 12, 'name': '모험'}, {'id': 14, 'name': '판타지'}, {'id': 28, 'name': '액션'}]","[85, 118, 955]",[17633],1865
어메이징 스파이더맨,2012-06-23,140.155,15422,6.7,"[{'id': 12, 'name': '모험'}, {'id': 14, 'name': '판타지'}, {'id': 28, 'name': '액션'}]","[7026, 37625, 54693]",[87742],1930
라따뚜이,2007-06-28,168.83,14550,7.8,"[{'id': 14, 'name': '판타지'}, {'id': 16, 'name': '애니메이션'}, {'id': 35, 'name': '코미디'}, {'id': 10751, 'name': '가족'}]","[65, 7962, 10872]",[7087],2062
유령 신부,2005-09-12,194.55,7621,7.5,"[{'id': 14, 'name': '판타지'}, {'id': 16, 'name': '애니메이션'}, {'id': 10749, 'name': '로맨스'}]","[85, 1283, 1639]",[510],3933
무서운 영화,2000-07-07,184.131,5834,6.3,"[{'id': 35, 'name': '코미디'}]","[1772, 9562, 17866]",[35689],4247
마법에 걸린 사랑,2007-11-20,241.333,4757,6.8,"[{'id': 14, 'name': '판타지'}, {'id': 35, 'name': '코미디'}, {'id': 10749, 'name': '로맨스'}, {'id': 10751, 'name': '가족'}]","[9273, 11006, 18352]",[15775],4523
L'infermiera,1975-12-19,135.56,25,5.5,"[{'id': 35, 'name': '코미디'}]","[9871, 24599, 39019]",[39018],4705
폴라 익스프레스,2004-11-10,142.976,5265,6.7,"[{'id': 12, 'name': '모험'}, {'id': 14, 'name': '판타지'}, {'id': 16, 'name': '애니메이션'}, {'id': 35, 'name': '코미디'}, {'id': 10751, 'name': '가족'}]","[31, 42287, 42362]",[24],5255
브라더스,2009-01-22,306.624,2621,7.2,"[{'id': 18, 'name': '드라마'}, {'id': 53, 'name': '스릴러'}, {'id': 10752, 'name': '전쟁'}]","[131, 524, 2219]",[53334],7445
라이온 킹,1994-06-23,217.365,15927,8.3,"[{'id': 16, 'name': '애니메이션'}, {'id': 18, 'name': '드라마'}, {'id': 10751, 'name': '가족'}]","[4756, 15152, 16940]",[15812],8587
그린치,2000-11-15,270.387,6160,6.7,"[{'id': 14, 'name': '판타지'}, {'id': 35, 'name': '코미디'}, {'id': 10751, 'name': '가족'}]","[206, 4175, 20480]",[6159],8871
지퍼스 크리퍼스,2001-07-01,135.156,2445,6.4,"[{'id': 27, 'name': '공포'}, {'id': 53, 'name': '스릴러'}]","[15033, 56356, 56357]",[56349],8922
트와일라잇,2008-11-20,187.491,11941,6.3,"[{'id': 14, 'name': '판타지'}, {'id': 18, 'name': '드라마'}, {'id': 10749, 'name': '로맨스'}]","[11288, 21029, 37917]",[19850],8966
팀버튼의 크리스마스 악몽,1993-10-09,220.98,7875,7.8,"[{'id': 14, 'name': '판타지'}, {'id': 16, 'name': '애니메이션'}, {'id': 10751, 'name': '가족'}]","[531, 11514, 14541]",[57646],9479
암흑 속의 혈투,1993-02-05,136.401,983,8.1,"[{'id': 18, 'name': '드라마'}, {'id': 28, 'name': '액션'}, {'id': 53, 'name': '스릴러'}, {'id': 80, 'name': '범죄'}]","[4589, 58646, 58647]",[18596],9702
페어런트 트랩,1998-07-28,167.47,3477,7.1,"[{'id': 35, 'name': '코미디'}, {'id': 10751, 'name': '가족'}]","[6065, 20162, 49265]",[17698],9820
아이언맨 2,2010-04-28,180.151,18594,6.8,"[{'id': 12, 'name': '모험'}, {'id': 28, 'name': '액션'}, {'id': 878, 'name': 'SF'}]","[1896, 3223, 12052]",[15277],10138
인어공주,1989-11-17,148.124,6702,7.3,"[{'id': 14, 'name': '판타지'}, {'id': 16, 'name': '애니메이션'}, {'id': 10751, 'name': '가족'}]","[35232, 63978, 67392]",[15810],10144
슈렉 포에버,2010-05-16,123.78,6202,6.3,"[{'id': 12, 'name': '모험'}, {'id': 14, 'name': '판타지'}, {'id': 16, 'name': '애니메이션'}, {'id': 35, 'name': '코미디'}, {'id': 10751, 'name': '가족'}]","[776, 6941, 12073]",[64151],10192
토이 스토리 3,2010-06-16,132.202,12958,7.8,"[{'id': 16, 'name': '애니메이션'}, {'id': 35, 'name': '코미디'}, {'id': 10751, 'name': '가족'}]","[31, 3234, 12898]",[8],10193
토르: 천둥의 신,2011-04-21,143.297,18984,6.8,"[{'id': 12, 'name': '모험'}, {'id': 14, 'name': '판타지'}, {'id': 28, 'name': '액션'}]","[524, 74568, 91606]",[11181],10195
공주와 개구리,2009-12-08,151.287,4628,7.2,"[{'id': 16, 'name': '애니메이션'}, {'id': 10749, 'name': '로맨스'}, {'id': 10751, 'name': '가족'}]","[15563, 65827, 66252]",[15810],10198
호커스 포커스,1993-07-16,140.684,2506,7.1,"[{'id': 14, 'name': '판타지'}, {'id': 35, 'name': '코미디'}, {'id': 10751, 'name': '가족'}]","[520, 11074, 73931]",[65310],10439
사탄의 인형,1988-11-09,153.494,2384,6.7,"[{'id': 27, 'name': '공포'}]","[2022, 14541, 65683]",[64796],10585
뮬란,1998-06-18,171.385,8351,7.9,"[{'id': 12, 'name': '모험'}, {'id': 16, 'name': '애니메이션'}, {'id': 10751, 'name': '가족'}]","[776, 14592, 21702]",[66190],10674
신데렐라,1950-02-22,132.959,5854,7.0,"[{'id': 14, 'name': '판타지'}, {'id': 16, 'name': '애니메이션'}, {'id': 10749, 'name': '로맨스'}, {'id': 10751, 'name': '가족'}]","[67289, 67290, 68652]",[11429],11224
"사탄의 인형 5: 처키, 사탄의 씨앗",2004-11-12,139.876,1280,5.4,"[{'id': 27, 'name': '공포'}, {'id': 35, 'name': '코미디'}, {'id': 53, 'name': '스릴러'}]","[1329, 1370, 7906]",[65677],11249
지퍼스 크리퍼스 2,2003-08-08,126.344,1315,6.1,"[{'id': 27, 'name': '공포'}]","[6719, 42374, 56357]",[56349],11351
사탄의 인형 4: 처키의 신부,1998-10-16,186.198,1532,6.0,"[{'id': 27, 'name': '공포'}, {'id': 35, 'name': '코미디'}, {'id': 53, 'name': '스릴러'}]","[1370, 7906, 25541]",[17268],11932
화이트 칙스,2004-06-23,151.163,3124,6.9,"[{'id': 35, 'name': '코미디'}, {'id': 80, 'name': '범죄'}]","[5915, 9562, 35690]",[35689],12153
해리 포터와 죽음의 성물 1,2010-10-06,268.441,16609,7.8,"[{'id': 12, 'name': '모험'}, {'id': 14, 'name': '판타지'}]","[10980, 10989, 10990]",[11343],12444
해리 포터와 죽음의 성물 2,2011-07-07,277.332,17929,8.1,"[{'id': 12, 'name': '모험'}, {'id': 14, 'name': '판타지'}]","[10980, 10989, 10990]",[11343],12445
데드 캠프 2,2007-08-25,130.547,1101,6.0,"[{'id': 27, 'name': '공포'}, {'id': 53, 'name': '스릴러'}]","[9290, 53441, 57514]",[84335],13186
노잉,2009-03-19,162.541,4566,6.1,"[{'id': 28, 'name': '액션'}, {'id': 53, 'name': '스릴러'}, {'id': 878, 'name': 'SF'}, {'id': 9648, 'name': '미스테리'}]","[2963, 9827, 77334]",[21085],13811
업,2009-05-28,136.233,17772,7.9,"[{'id': 12, 'name': '모험'}, {'id': 16, 'name': '애니메이션'}, {'id': 35, 'name': '코미디'}, {'id': 10751, 'name': '가족'}]","[290, 68812, 80676]",[12890],14160
2012,2009-10-10,127.445,10770,5.8,"[{'id': 12, 'name': '모험'}, {'id': 28, 'name': '액션'}, {'id': 878, 'name': 'SF'}]","[2956, 3036, 5294]",[6046],14161
코렐라인: 비밀의 문,2009-02-05,249.153,6186,7.8,"[{'id': 14, 'name': '판타지'}, {'id': 16, 'name': '애니메이션'}, {'id': 10751, 'name': '가족'}]","[501, 10742, 65827]",[57646],14836
크리스마스 캐롤,2009-11-04,138.049,3899,6.9,"[{'id': 14, 'name': '판타지'}, {'id': 16, 'name': '애니메이션'}, {'id': 18, 'name': '드라마'}, {'id': 10751, 'name': '가족'}]","[64, 206, 5472]",[24],17979
뉴 문,2009-11-18,126.039,8155,6.0,"[{'id': 12, 'name': '모험'}, {'id': 14, 'name': '판타지'}, {'id': 18, 'name': '드라마'}, {'id': 10749, 'name': '로맨스'}]","[11288, 37917, 84214]",[3288],18239
행오버,2009-06-02,155.541,14947,7.3,"[{'id': 35, 'name': '코미디'}]","[27105, 51329, 58225]",[57130],18785
아바타,2009-12-15,809.146,26573,7.5,"[{'id': 12, 'name': '모험'}, {'id': 14, 'name': '판타지'}, {'id': 28, 'name': '액션'}, {'id': 878, 'name': 'SF'}]","[8691, 10205, 65731]",[2710],19995
나루토 질풍전 극장판 1기 - 나루토의 죽음,2007-08-04,261.673,520,7.3,"[{'id': 14, 'name': '판타지'}, {'id': 16, 'name': '애니메이션'}, {'id': 28, 'name': '액션'}]","[82055, 82057, 89971]",[89972],20982
오펀: 천사의 비밀,2009-07-24,231.974,4493,7.0,"[{'id': 27, 'name': '공포'}, {'id': 53, 'name': '스릴러'}, {'id': 9648, 'name': '미스테리'}]","[133, 21657, 77517]",[59521],21208
리전,2010-01-21,123.843,2210,5.8,"[{'id': 14, 'name': '판타지'}, {'id': 27, 'name': '공포'}, {'id': 28, 'name': '액션'}]","[155, 6065, 6162]",[116357],22894
데드 캠프 3,2009-10-20,160.984,921,5.6,"[{'id': 27, 'name': '공포'}, {'id': 53, 'name': '스릴러'}]","[90582, 90755, 147893]",[126882],23823
이클립스,2010-06-23,194.285,7772,6.2,"[{'id': 12, 'name': '모험'}, {'id': 14, 'name': '판타지'}, {'id': 18, 'name': '드라마'}, {'id': 10749, 'name': '로맨스'}]","[11288, 37917, 84214]",[27571],24021
어벤져스,2012-04-25,226.694,27782,7.7,"[{'id': 12, 'name': '모험'}, {'id': 28, 'name': '액션'}, {'id': 878, 'name': 'SF'}]","[103, 3223, 16828]",[12891],24428
드래곤볼 Z: 불타올라라!! 열전 열전 초격전! (구극장판 8기),1993-03-06,183.141,715,7.3,"[{'id': 16, 'name': '애니메이션'}, {'id': 28, 'name': '액션'}, {'id': 878, 'name': 'SF'}]","[90496, 115790, 122501]",[81853],34433
스플라이스,2009-10-06,325.878,1874,5.8,"[{'id': 27, 'name': '공포'}, {'id': 53, 'name': '스릴러'}, {'id': 878, 'name': 'SF'}]","[98, 3490, 118357]",[5877],37707
언디스퓨티드 3:  리뎀션,2010-05-22,179.753,682,7.6,"[{'id': 28, 'name': '액션'}, {'id': 53, 'name': '스릴러'}]","[6696, 61856, 78110]",[78108],38234
다 큰 녀석들,2010-06-24,126.847,5153,6.3,"[{'id': 35, 'name': '코미디'}]","[2632, 19292, 32895]",[17494],38365
나쁜 녀석들: 포에버,2020-01-15,127.696,7188,7.2,"[{'id': 28, 'name': '액션'}, {'id': 53, 'name': '스릴러'}, {'id': 80, 'name': '범죄'}]","[2888, 78029, 544442]",[1399841],38700
라푼젤,2010-11-24,206.242,9786,7.6,"[{'id': 16, 'name': '애니메이션'}, {'id': 10751, 'name': '가족'}]","[2517, 16855, 69899]",[76595],38757
드래곤볼 Z: 용권폭발!! 손오공이 안 하면 누가 하랴! (구극장판 13기),1995-07-15,153.312,554,7.2,"[{'id': 16, 'name': '애니메이션'}, {'id': 28, 'name': '액션'}, {'id': 878, 'name': 'SF'}]","[1686, 65510, 90496]",[1060540],39108
리얼 스틸,2011-09-28,183.781,6978,6.9,"[{'id': 18, 'name': '드라마'}, {'id': 28, 'name': '액션'}, {'id': 878, 'name': 'SF'}]","[6968, 19034, 234479]",[17825],39254
드래곤볼 Z: 위험한 두 사람!! 슈퍼 전사는 잠들지 않는다 (구극장판 10기),1994-03-12,144.362,543,6.7,"[{'id': 16, 'name': '애니메이션'}, {'id': 28, 'name': '액션'}, {'id': 878, 'name': 'SF'}]","[1686, 65510, 90496]",[81853],44251
행오버 2,2011-05-25,136.575,9225,6.5,"[{'id': 35, 'name': '코미디'}]","[27105, 51329, 58225]",[57130],45243
카 2,2011-06-11,136.048,6546,6.0,"[{'id': 12, 'name': '모험'}, {'id': 16, 'name': '애니메이션'}, {'id': 35, 'name': '코미디'}, {'id': 10751, 'name': '가족'}]","[887, 3895, 15897]",[7879],49013
서부 전선 이상 없다,2022-10-07,1469.082,853,7.8,"[{'id': 18, 'name': '드라마'}, {'id': 28, 'name': '액션'}, {'id': 10752, 'name': '전쟁'}]","[1111158, 1820948, 3631223]",[221522],49046
맨 오브 스틸,2013-06-12,123.845,13557,6.6,"[{'id': 12, 'name': '모험'}, {'id': 28, 'name': '액션'}, {'id': 878, 'name': 'SF'}]","[335, 9273, 73968]",[15217],49521
R.I.P.D.: 알.아이.피.디.,2013-07-18,241.902,3378,5.8,"[{'id': 14, 'name': '판타지'}, {'id': 28, 'name': '액션'}, {'id': 35, 'name': '코미디'}, {'id': 80, 'name': '범죄'}]","[1229, 4724, 10859]",[57270],49524
브레이킹 던 Part 1,2011-11-16,150.061,7803,6.2,"[{'id': 12, 'name': '모험'}, {'id': 14, 'name': '판타지'}, {'id': 10749, 'name': '로맨스'}]","[11288, 37917, 84214]",[15557],50619
브레이킹 던 Part 2,2012-11-13,168.201,7927,6.5,"[{'id': 12, 'name': '모험'}, {'id': 14, 'name': '판타지'}, {'id': 18, 'name': '드라마'}, {'id': 10749, 'name': '로맨스'}]","[11288, 37917, 84214]",[15557],50620
리미트리스,2011-03-08,134.961,9323,7.2,"[{'id': 53, 'name': '스릴러'}, {'id': 878, 'name': 'SF'}, {'id': 9648, 'name': '미스테리'}]","[380, 37260, 51329]",[17329],51876
지퍼스 크리퍼스 3,2017-09-26,143.106,713,4.9,"[{'id': 27, 'name': '공포'}, {'id': 53, 'name': '스릴러'}, {'id': 9648, 'name': '미스테리'}]","[16936, 56357, 1679798]",[56349],55341
쓰리 미터스 어보브 헤븐,2010-12-03,174.832,2589,7.8,"[{'id': 18, 'name': '드라마'}, {'id': 10749, 'name': '로맨스'}]","[77122, 82700, 224874]",[82724],61979
퍼시픽 림,2013-07-11,136.409,10941,6.9,"[{'id': 12, 'name': '모험'}, {'id': 28, 'name': '액션'}, {'id': 878, 'name': 'SF'}]","[17605, 18054, 56365]",[10828],68726
월드워Z,2013-06-20,172.72,13550,6.8,"[{'id': 18, 'name': '드라마'}, {'id': 27, 'name': '공포'}, {'id': 28, 'name': '액션'}, {'id': 53, 'name': '스릴러'}, {'id': 878, 'name': 'SF'}]","[287, 175826, 1180907]",[12995],72190
잃어버린 세계를 찾아서 2: 신비의 섬,2012-01-19,134.348,3690,6.1,"[{'id': 12, 'name': '모험'}, {'id': 28, 'name': '액션'}, {'id': 878, 'name': 'SF'}]","[3895, 18918, 27972]",[132876],72545
나루토 질풍전 극장판 5기 - 블러드 프리즌,2011-07-30,153.675,438,7.3,"[{'id': 16, 'name': '애니메이션'}, {'id': 27, 'name': '공포'}, {'id': 28, 'name': '액션'}, {'id': 35, 'name': '코미디'}, {'id': 53, 'name': '스릴러'}, {'id': 9648, 'name': '미스테리'}]","[82055, 210350, 219659]",[116065],75624
아바타: 물의 길,2022-12-14,757.96,0,0.0,"[{'id': 12, 'name': '모험'}, {'id': 28, 'name': '액션'}, {'id': 878, 'name': 'SF'}]","[8691, 10205, 65731]",[2710],76600
언터처블: 1%의 우정,2011-11-02,124.236,15161,8.3,"[{'id': 18, 'name': '드라마'}, {'id': 35, 'name': '코미디'}]","[19370, 33161, 78423]",[84425],77338
테리파이어,2011-08-09,479.681,47,6.7,"[{'id': 27, 'name': '공포'}]","[1375765, 1375767, 1487368]",[933176],86328
슈퍼배드 2,2013-06-26,150.865,10041,6.9,"[{'id': 16, 'name': '애니메이션'}, {'id': 35, 'name': '코미디'}, {'id': 10751, 'name': '가족'}]","[4495, 4589, 41091]",[124747],93456
어벤져스: 에이지 오브 울트론,2015-04-22,173.081,20592,7.3,"[{'id': 12, 'name': '모험'}, {'id': 28, 'name': '액션'}, {'id': 878, 'name': 'SF'}]","[103, 3223, 74568]",[12891],99861
어메이징 스파이더맨 2,2014-04-16,125.735,11470,6.5,"[{'id': 12, 'name': '모험'}, {'id': 14, 'name': '판타지'}, {'id': 28, 'name': '액션'}]","[134, 37625, 54693]",[87742],102382
말레피센트,2014-05-28,124.032,11918,7.1,"[{'id': 12, 'name': '모험'}, {'id': 14, 'name': '판타지'}, {'id': 28, 'name': '액션'}, {'id': 10749, 'name': '로맨스'}, {'id': 10751, 'name': '가족'}]","[11356, 11701, 18050]",[1032536],102651
더 울프 오브 월 스트리트,2013-12-25,152.207,20620,8.0,"[{'id': 18, 'name': '드라마'}, {'id': 35, 'name': '코미디'}, {'id': 80, 'name': '범죄'}]","[6193, 21007, 234352]",[1032],106646
다 큰 녀석들 2,2013-07-11,143.145,3597,6.1,"[{'id': 35, 'name': '코미디'}]","[2632, 19292, 32895]",[17494],109418
겨울왕국,2013-11-20,174.36,14696,7.3,"[{'id': 12, 'name': '모험'}, {'id': 14, 'name': '판타지'}, {'id': 16, 'name': '애니메이션'}, {'id': 10751, 'name': '가족'}]","[19394, 40462, 221611]",[15774],109445
Avatar: Creating the World of Pandora,2010-02-07,242.181,26,7.4,"[{'id': 99, 'name': '다큐멘터리'}]","[900, 10964, 1042213]",[1042212],111332
나루토 질풍전 극장판 6기 - 로드 투 닌자,2012-07-28,137.275,792,7.6,"[{'id': 14, 'name': '판타지'}, {'id': 16, 'name': '애니메이션'}, {'id': 28, 'name': '액션'}]","[9706, 82055, 82057]",[1067794],118406
테드 : 황금도시 파이티티를 찾아서,2012-08-10,126.893,456,6.1,"[{'id': 12, 'name': '모험'}, {'id': 16, 'name': '애니메이션'}, {'id': 35, 'name': '코미디'}, {'id': 10751, 'name': '가족'}]","[19854, 114463, 1164823]",[1074721],121734
호빗: 다섯 군대 전투,2014-12-10,162.465,12426,7.3,"[{'id': 12, 'name': '모험'}, {'id': 14, 'name': '판타지'}, {'id': 28, 'name': '액션'}]","[1327, 7060, 30315]",[108],122917
드래곤볼Z: 신들의 전쟁,2013-03-30,134.147,1289,6.8,"[{'id': 16, 'name': '애니메이션'}, {'id': 28, 'name': '액션'}, {'id': 878, 'name': 'SF'}]","[20664, 78402, 90496]",[1083453],126963
헝거게임: 모킹제이,2014-11-19,157.902,13928,6.8,"[{'id': 12, 'name': '모험'}, {'id': 53, 'name': '스릴러'}, {'id': 878, 'name': 'SF'}]","[27972, 72129, 96066]",[10943],131631
쥬라기 월드,2015-06-06,128.401,18588,6.7,"[{'id': 12, 'name': '모험'}, {'id': 28, 'name': '액션'}, {'id': 53, 'name': '스릴러'}, {'id': 878, 'name': 'SF'}]","[17181, 18997, 73457]",[930707],135397
컨저링,2013-07-18,215.815,9875,7.5,"[{'id': 27, 'name': '공포'}, {'id': 53, 'name': '스릴러'}]","[3127, 17178, 21657]",[2127],138843
인사이드 아웃,2015-06-09,166.242,18379,7.9,"[{'id': 12, 'name': '모험'}, {'id': 16, 'name': '애니메이션'}, {'id': 18, 'name': '드라마'}, {'id': 35, 'name': '코미디'}, {'id': 10751, 'name': '가족'}]","[19278, 56322, 169200]",[12890],150540
인터스텔라,2014-11-05,243.82,29823,8.4,"[{'id': 12, 'name': '모험'}, {'id': 18, 'name': '드라마'}, {'id': 878, 'name': 'SF'}]","[1813, 10297, 83002]",[525],157336
분노의 질주: 더 세븐,2015-04-01,134.209,9382,7.2,"[{'id': 12, 'name': '모험'}, {'id': 28, 'name': '액션'}, {'id': 53, 'name': '스릴러'}, {'id': 80, 'name': '범죄'}]","[8167, 12835, 18918]",[2127],168259
빅 히어로,2014-10-24,172.739,14029,7.7,"[{'id': 12, 'name': '모험'}, {'id': 16, 'name': '애니메이션'}, {'id': 28, 'name': '액션'}, {'id': 35, 'name': '코미디'}, {'id': 10751, 'name': '가족'}]","[66580, 82093, 515510]",[70238],177572
아메리칸 스나이퍼,2014-12-25,126.561,11467,7.4,"[{'id': 28, 'name': '액션'}, {'id': 10752, 'name': '전쟁'}]","[23459, 51329, 59219]",[190],190859
메이즈 러너,2014-09-10,211.756,15079,7.2,"[{'id': 28, 'name': '액션'}, {'id': 53, 'name': '스릴러'}, {'id': 878, 'name': 'SF'}, {'id': 9648, 'name': '미스테리'}]","[115150, 527393, 1310760]",[1179066],198663
19곰 테드2,2015-06-25,175.263,6421,6.3,"[{'id': 14, 'name': '판타지'}, {'id': 35, 'name': '코미디'}]","[13240, 52139, 71070]",[52139],214756
그레이의 50가지 그림자,2015-02-11,215.169,10536,5.9,"[{'id': 18, 'name': '드라마'}, {'id': 53, 'name': '스릴러'}, {'id': 10749, 'name': '로맨스'}]","[49971, 118545, 1254583]",[1137903],216015
퓨리,2014-10-15,180.188,10337,7.5,"[{'id': 18, 'name': '드라마'}, {'id': 28, 'name': '액션'}, {'id': 10752, 'name': '전쟁'}]","[287, 454, 33235]",[19769],228150
블렌디드,2014-05-21,132.89,2931,6.8,"[{'id': 35, 'name': '코미디'}]","[19292, 63234, 69597]",[57370],232672
Ｍ家の新妻　変態洗礼,2009-03-27,187.394,5,3.5,"[{'id': 18, 'name': '드라마'}, {'id': 10749, 'name': '로맨스'}]","[1510322, 1510323, 2139374]",[1079324],247136
샌 안드레아스,2015-05-27,136.388,7409,6.2,"[{'id': 18, 'name': '드라마'}, {'id': 28, 'name': '액션'}, {'id': 53, 'name': '스릴러'}]","[17832, 18918, 109513]",[132876],254128
컨저링 2,2016-06-08,195.851,7165,7.3,"[{'id': 27, 'name': '공포'}, {'id': 53, 'name': '스릴러'}]","[17178, 21657, 1330999]",[2127],259693
카 3: 새로운 도전,2017-06-15,151.793,4758,6.8,"[{'id': 12, 'name': '모험'}, {'id': 16, 'name': '애니메이션'}, {'id': 35, 'name': '코미디'}, {'id': 10751, 'name': '가족'}]","[887, 2955, 1374727]",[1443386],260514
주토피아,2016-02-11,263.455,14400,7.7,"[{'id': 12, 'name': '모험'}, {'id': 16, 'name': '애니메이션'}, {'id': 35, 'name': '코미디'}, {'id': 10751, 'name': '가족'}]","[417, 17605, 23532]",[76595],269149
캡틴 아메리카: 시빌 워,2016-04-27,128.008,20465,7.4,"[{'id': 12, 'name': '모험'}, {'id': 28, 'name': '액션'}, {'id': 878, 'name': 'SF'}]","[1245, 3223, 16828]",[19271],271110
토르: 라그나로크,2017-10-24,144.698,18435,7.6,"[{'id': 12, 'name': '모험'}, {'id': 14, 'name': '판타지'}, {'id': 28, 'name': '액션'}, {'id': 35, 'name': '코미디'}, {'id': 878, 'name': 'SF'}]","[112, 74568, 91606]",[55934],284053
블랙 팬서,2018-02-13,663.449,19834,7.4,"[{'id': 12, 'name': '모험'}, {'id': 28, 'name': '액션'}, {'id': 878, 'name': 'SF'}]","[135651, 172069, 1267329]",[1056121],284054
Avatar: Scene Deconstruction,2009-12-18,189.098,10,8.3,"[{'id': 99, 'name': '다큐멘터리'}]",[],[],287003
샤잠!,2019-03-29,147.202,8002,7.0,"[{'id': 14, 'name': '판타지'}, {'id': 28, 'name': '액션'}, {'id': 35, 'name': '코미디'}]","[2983, 69899, 1768966]",[1302082],287947
데드풀,2016-02-09,190.123,27546,7.6,"[{'id': 12, 'name': '모험'}, {'id': 28, 'name': '액션'}, {'id': 35, 'name': '코미디'}]","[10859, 54882, 1047649]",[55252],293660
미 비포 유,2016-06-01,233.863,10610,7.9,"[{'id': 18, 'name': '드라마'}, {'id': 10749, 'name': '로맨스'}]","[47627, 237455, 1223786]",[1096867],296096
어벤져스: 엔드게임,2019-04-24,246.58,22123,8.3,"[{'id': 12, 'name': '모험'}, {'id': 28, 'name': '액션'}, {'id': 878, 'name': 'SF'}]","[103, 3223, 16828]",[19271],299534
어벤져스: 인피니티 워,2018-04-25,409.391,25754,8.3,"[{'id': 12, 'name': '모험'}, {'id': 28, 'name': '액션'}, {'id': 878, 'name': 'SF'}]","[103, 3223, 74568]",[19271],299536
블론드,2022-09-16,140.036,729,6.4,"[{'id': 18, 'name': '드라마'}]","[3490, 21127, 224513]",[37618],301502
토이 스토리 4,2019-06-19,143.794,8402,7.5,"[{'id': 12, 'name': '모험'}, {'id': 14, 'name': '판타지'}, {'id': 16, 'name': '애니메이션'}, {'id': 35, 'name': '코미디'}, {'id': 10751, 'name': '가족'}]","[31, 8873, 12898]",[84496],301528
드래곤볼 Z - 부활의 'F',2015-04-18,237.734,1551,6.8,"[{'id': 16, 'name': '애니메이션'}, {'id': 28, 'name': '액션'}, {'id': 878, 'name': 'SF'}]","[90496, 115305, 122501]",[1083452],303857
크리드,2015-11-25,150.88,6212,7.4,"[{'id': 18, 'name': '드라마'}, {'id': 28, 'name': '액션'}]","[16483, 62561, 135651]",[1056121],312221
장화신은 고양이: 끝내주는 모험,2022-12-07,359.586,0,0.0,"[{'id': 12, 'name': '모험'}, {'id': 14, 'name': '판타지'}, {'id': 16, 'name': '애니메이션'}, {'id': 35, 'name': '코미디'}, {'id': 10751, 'name': '가족'}]","[3131, 3136, 1373737]",[12098],315162
스파이더맨: 홈커밍,2017-07-05,123.973,19300,7.4,"[{'id': 12, 'name': '모험'}, {'id': 18, 'name': '드라마'}, {'id': 28, 'name': '액션'}, {'id': 878, 'name': 'SF'}]","[2232, 3223, 1136406]",[1293994],315635
나루토 질풍전 극장판 7기 - 더 라스트 - 나루토 더 무비,2014-12-06,240.393,1409,7.8,"[{'id': 16, 'name': '애니메이션'}, {'id': 28, 'name': '액션'}, {'id': 10749, 'name': '로맨스'}]","[24651, 82055, 131563]",[2320943],317442
존 윅: 리로드,2017-02-08,164.421,10641,7.3,"[{'id': 28, 'name': '액션'}, {'id': 53, 'name': '스릴러'}, {'id': 80, 'name': '범죄'}]","[4238, 6384, 6972]",[40644],324552
핵소 고지,2016-10-07,280.388,11631,8.2,"[{'id': 18, 'name': '드라마'}, {'id': 36, 'name': '역사'}, {'id': 10752, 'name': '전쟁'}]","[4937, 37625, 65731]",[2461],324786
겨울왕국 2,2019-11-20,191.775,8504,7.3,"[{'id': 12, 'name': '모험'}, {'id': 14, 'name': '판타지'}, {'id': 16, 'name': '애니메이션'}, {'id': 35, 'name': '코미디'}, {'id': 10751, 'name': '가족'}]","[19394, 40462, 54415]",[15774],330457
언차티드,2022-02-10,380.724,3915,7.1,"[{'id': 12, 'name': '모험'}, {'id': 28, 'name': '액션'}]","[13240, 1136406, 1163789]",[91268],335787
몬스터 하이: 더 무비,2022-10-06,439.471,129,7.1,"[{'id': 12, 'name': '모험'}, {'id': 10751, 'name': '가족'}, {'id': 10770, 'name': 'TV 영화'}]","[1630438, 2437835, 3302924]",[1213162],335795
50가지 그림자: 해방,2018-01-17,220.097,7086,6.7,"[{'id': 18, 'name': '드라마'}, {'id': 10749, 'name': '로맨스'}]","[33337, 118545, 1254583]",[15890],337167
분노의 질주: 더 익스트림,2017-04-12,133.853,9155,6.9,"[{'id': 28, 'name': '액션'}, {'id': 53, 'name': '스릴러'}, {'id': 80, 'name': '범죄'}]","[976, 12835, 18918]",[37932],337339
뮬란,2020-09-04,164.903,5901,6.9,"[{'id': 12, 'name': '모험'}, {'id': 14, 'name': '판타지'}, {'id': 18, 'name': '드라마'}, {'id': 28, 'name': '액션'}]","[643, 1341, 122503]",[15287],337401
크루엘라,2021-05-26,376.58,7672,8.1,"[{'id': 35, 'name': '코미디'}, {'id': 80, 'name': '범죄'}]","[7056, 54693, 54811]",[50767],337404
신비한 동물들과 덤블도어의 비밀,2022-04-06,371.55,2972,6.8,"[{'id': 12, 'name': '모험'}, {'id': 14, 'name': '판타지'}, {'id': 28, 'name': '액션'}]","[1019, 9642, 37632]",[11343],338953
마법에 걸린 사랑 2,2022-11-18,567.904,237,7.7,"[{'id': 14, 'name': '판타지'}, {'id': 35, 'name': '코미디'}, {'id': 10751, 'name': '가족'}]","[9273, 18352, 52792]",[20739],338958
50가지 그림자: 심연,2017-02-08,129.996,6914,6.5,"[{'id': 18, 'name': '드라마'}, {'id': 10749, 'name': '로맨스'}]","[33337, 118545, 1254583]",[15890],341174
오두막,2017-03-03,129.732,1807,7.5,"[{'id': 14, 'name': '판타지'}, {'id': 18, 'name': '드라마'}]","[6944, 65731, 74428]",[105239],345938
메가로돈,2018-08-09,154.837,6129,6.2,"[{'id': 27, 'name': '공포'}, {'id': 28, 'name': '액션'}, {'id': 878, 'name': 'SF'}]","[976, 11678, 109432]",[12962],345940
그것,2017-09-06,127.201,17062,7.2,"[{'id': 14, 'name': '판타지'}, {'id': 27, 'name': '공포'}]","[1274508, 1481238, 1559689]",[1113116],346364
보루토 - 나루토 더 무비,2015-08-07,282.171,1146,7.6,"[{'id': 16, 'name': '애니메이션'}, {'id': 28, 'name': '액션'}, {'id': 35, 'name': '코미디'}]","[82055, 1201637, 1246233]",[1483924],347201
보이카: 언디스퓨티드 파이널,2016-08-01,165.011,1064,7.0,"[{'id': 18, 'name': '드라마'}, {'id': 28, 'name': '액션'}]","[16607, 78110, 1255958]",[78108],348893
코코,2017-10-27,401.068,16506,8.2,"[{'id': 12, 'name': '모험'}, {'id': 14, 'name': '판타지'}, {'id': 16, 'name': '애니메이션'}, {'id': 35, 'name': '코미디'}, {'id': 10402, 'name': '음악'}, {'id': 10751, 'name': '가족'}]","[258, 4589, 1193391]",[8],354912
그린치,2018-11-08,254.002,3076,6.8,"[{'id': 14, 'name': '판타지'}, {'id': 16, 'name': '애니메이션'}, {'id': 35, 'name': '코미디'}, {'id': 10751, 'name': '가족'}]","[71580, 77330, 80591]",[20503],360920
탑건: 매버릭,2022-05-24,998.397,4787,8.3,"[{'id': 18, 'name': '드라마'}, {'id': 28, 'name': '액션'}]","[500, 6161, 996701]",[86270],361743
블레이드 퍼피 워리어,2022-07-14,419.723,183,6.7,"[{'id': 16, 'name': '애니메이션'}, {'id': 28, 'name': '액션'}, {'id': 35, 'name': '코미디'}, {'id': 10751, 'name': '가족'}]","[2231, 17835, 39995]",[18898],366672
007 노 타임 투 다이,2021-09-29,158.805,4745,7.4,"[{'id': 12, 'name': '모험'}, {'id': 28, 'name': '액션'}, {'id': 53, 'name': '스릴러'}]","[8784, 17838, 121529]",[87257],370172
ワンパンマン ロード・トゥー・ヒーロー,2015-12-04,158.314,145,8.0,"[{'id': 16, 'name': '애니메이션'}, {'id': 28, 'name': '액션'}]","[1221114, 1319218, 1324666]",[1509979],370455
너의 이름은,2016-08-26,142.897,9233,8.5,"[{'id': 16, 'name': '애니메이션'}, {'id': 18, 'name': '드라마'}, {'id': 10749, 'name': '로맨스'}]","[225730, 1369100, 1668610]",[74091],372058
노 만체스 프리다,2016-09-02,183.311,679,7.8,"[{'id': 35, 'name': '코미디'}]","[55392, 1134885, 1303064]",[79002],375794
스페이스 잼: 새로운 시대,2021-07-08,188.974,3340,6.9,"[{'id': 16, 'name': '애니메이션'}, {'id': 35, 'name': '코미디'}, {'id': 878, 'name': 'SF'}, {'id': 10751, 'name': '가족'}]","[1896, 107379, 2998402]",[72024],379686
데드풀 2,2018-05-10,144.277,15264,7.5,"[{'id': 12, 'name': '모험'}, {'id': 28, 'name': '액션'}, {'id': 35, 'name': '코미디'}]","[10859, 16851, 54882]",[40684],383498
분노의 질주: 홉스 & 쇼,2019-08-01,128.316,5983,6.9,"[{'id': 12, 'name': '모험'}, {'id': 28, 'name': '액션'}, {'id': 35, 'name': '코미디'}]","[976, 17605, 18918]",[40684],384018
분노의 질주: 더 얼티메이트,2021-05-19,252.232,5785,7.2,"[{'id': 12, 'name': '모험'}, {'id': 28, 'name': '액션'}, {'id': 53, 'name': '스릴러'}, {'id': 80, 'name': '범죄'}]","[8169, 12835, 17647]",[58189],385128
신과함께-죄와 벌,2017-12-14,127.254,719,8.1,"[{'id': 14, 'name': '판타지'}, {'id': 18, 'name': '드라마'}, {'id': 28, 'name': '액션'}]","[63442, 75913, 150125]",[84969],397567
고질라 VS. 콩,2021-03-24,238.613,8356,7.7,"[{'id': 14, 'name': '판타지'}, {'id': 28, 'name': '액션'}, {'id': 878, 'name': 'SF'}]","[15556, 28846, 1356210]",[98631],399566
스폰지밥 무비: 핑핑이 구출 대작전,2020-08-14,193.003,2553,7.6,"[{'id': 12, 'name': '모험'}, {'id': 14, 'name': '판타지'}, {'id': 16, 'name': '애니메이션'}, {'id': 35, 'name': '코미디'}, {'id': 10751, 'name': '가족'}]","[34398, 70615, 78798]",[49903],400160
문폴,2022-02-03,307.275,2024,6.4,"[{'id': 878, 'name': 'SF'}]","[4587, 17178, 1010135]",[6046],406759
더 배트맨,2022-03-01,577.561,6784,7.7,"[{'id': 53, 'name': '스릴러'}, {'id': 80, 'name': '범죄'}, {'id': 9648, 'name': '미스테리'}]","[11288, 17142, 37153]",[32278],414906
장화신은 고양이,2011-10-28,162.279,2727,6.4,"[{'id': 12, 'name': '모험'}, {'id': 16, 'name': '애니메이션'}, {'id': 35, 'name': '코미디'}, {'id': 10751, 'name': '가족'}]","[3131, 3136, 58225]",[12098],417859
테리파이어,2016-03-15,830.069,1025,6.6,"[{'id': 27, 'name': '공포'}, {'id': 53, 'name': '스릴러'}]","[1303873, 1676771, 1880016]",[933176],420634
말레피센트 2,2019-10-16,126.317,5266,7.3,"[{'id': 12, 'name': '모험'}, {'id': 14, 'name': '판타지'}, {'id': 28, 'name': '액션'}, {'id': 10751, 'name': '가족'}]","[11701, 18050, 1716493]",[20307],420809
라이온 킹,2019-07-12,144.886,8749,7.1,"[{'id': 12, 'name': '모험'}, {'id': 18, 'name': '드라마'}, {'id': 10751, 'name': '가족'}]","[5294, 15152, 84292]",[15277],420818
칩과 데일: 다람쥐 구조대,2022-05-20,138.428,844,7.0,"[{'id': 12, 'name': '모험'}, {'id': 16, 'name': '애니메이션'}, {'id': 35, 'name': '코미디'}, {'id': 9648, 'name': '미스테리'}, {'id': 10751, 'name': '가족'}]","[62861, 933558, 1884703]",[62854],420821
컨저링 3: 악마가 시켰다,2021-05-25,270.406,4777,7.6,"[{'id': 27, 'name': '공포'}, {'id': 53, 'name': '스릴러'}, {'id': 9648, 'name': '미스테리'}]","[17178, 21657, 1731961]",[1607672],423108
고스트 버스터즈 라이즈,2021-11-11,186.811,3293,7.6,"[{'id': 12, 'name': '모험'}, {'id': 14, 'name': '판타지'}, {'id': 35, 'name': '코미디'}]","[1172108, 1308445, 1442069]",[52443],425909
루,2022-09-23,453.136,371,6.7,"[{'id': 18, 'name': '드라마'}, {'id': 28, 'name': '액션'}, {'id': 53, 'name': '스릴러'}]","[19, 59017, 130253]",[402272],429473
블랙 아담,2022-10-19,17020.709,1227,6.8,"[{'id': 14, 'name': '판타지'}, {'id': 28, 'name': '액션'}, {'id': 878, 'name': 'SF'}]","[18918, 83860, 1253353]",[59521],436270
더 수어사이드 스쿼드,2021-07-28,235.993,6747,7.6,"[{'id': 12, 'name': '모험'}, {'id': 28, 'name': '액션'}, {'id': 35, 'name': '코미디'}]","[17605, 56446, 234352]",[15218],436969
딸의 친구,2017-01-01,142.574,2,5.0,"[{'id': 10749, 'name': '로맨스'}]","[1745956, 1767076, 2625127]",[1702039],437542
미니언즈 2,2022-06-29,822.243,2325,7.5,"[{'id': 16, 'name': '애니메이션'}, {'id': 35, 'name': '코미디'}, {'id': 10751, 'name': '가족'}]","[4495, 59919, 124747]",[8023],438148
듄,2021-09-08,169.471,7978,7.8,"[{'id': 12, 'name': '모험'}, {'id': 878, 'name': 'SF'}]","[25072, 933238, 1190668]",[137427],438631
씽2게더,2021-12-01,407.002,3270,8.0,"[{'id': 12, 'name': '모험'}, {'id': 16, 'name': '애니메이션'}, {'id': 35, 'name': '코미디'}]","[368, 1245, 10297]",[52842],438695
더 넌,2018-09-05,166.91,5461,5.8,"[{'id': 27, 'name': '공포'}, {'id': 53, 'name': '스릴러'}, {'id': 9648, 'name': '미스테리'}]","[76961, 87287, 527313]",[1401474],439079
정글 크루즈,2021-07-28,166.471,4702,7.5,"[{'id': 12, 'name': '모험'}, {'id': 14, 'name': '판타지'}, {'id': 28, 'name': '액션'}]","[5081, 18918, 25616]",[59521],451048
아바,2017-06-21,171.519,163,6.2,"[{'id': 18, 'name': '드라마'}]","[983929, 1055917, 1800818]",[1702466],453354
닥터 스트레인지: 대혼돈의 멀티버스,2022-05-04,702.364,6347,7.4,"[{'id': 12, 'name': '모험'}, {'id': 14, 'name': '판타지'}, {'id': 28, 'name': '액션'}]","[5294, 71580, 550843]",[7623],453395
수퍼 소닉,2020-02-12,127.463,8368,7.4,"[{'id': 28, 'name': '액션'}, {'id': 35, 'name': '코미디'}, {'id': 878, 'name': 'SF'}, {'id': 10751, 'name': '가족'}]","[11006, 110742, 222121]",[93364],454626
람보르기니,2022-11-18,130.105,19,6.4,"[{'id': 18, 'name': '드라마'}]","[23931, 81685, 1169685]",[137064],457232
존 윅 3: 파라벨룸,2019-05-15,145.341,8333,7.4,"[{'id': 28, 'name': '액션'}, {'id': 53, 'name': '스릴러'}, {'id': 80, 'name': '범죄'}]","[4587, 6384, 6972]",[40644],458156
몬스터 헌터,2020-12-03,229.858,2740,6.7,"[{'id': 12, 'name': '모험'}, {'id': 14, 'name': '판타지'}, {'id': 28, 'name': '액션'}]","[63, 2372, 57207]",[4014],458576
보스 베이비 2,2021-07-01,378.275,2108,7.5,"[{'id': 12, 'name': '모험'}, {'id': 16, 'name': '애니메이션'}, {'id': 35, 'name': '코미디'}, {'id': 10751, 'name': '가족'}]","[7447, 11006, 12110]",[18864],459151
레지던트 이블: 라쿤시티,2021-11-24,242.728,1876,6.1,"[{'id': 27, 'name': '공포'}, {'id': 28, 'name': '액션'}, {'id': 878, 'name': 'SF'}]","[115150, 1223726, 1408809]",[100734],460458
모탈 컴뱃,2021-04-07,285.252,4966,7.2,"[{'id': 12, 'name': '모험'}, {'id': 14, 'name': '판타지'}, {'id': 28, 'name': '액션'}]","[136347, 189230, 1610940]",[1828590],460465
원더 우먼 1984,2020-12-16,142.634,7210,6.5,"[{'id': 12, 'name': '모험'}, {'id': 14, 'name': '판타지'}, {'id': 28, 'name': '액션'}]","[41091, 62064, 90633]",[6884],464052
그것: 두 번째 이야기,2019-09-04,274.055,7340,6.9,"[{'id': 14, 'name': '판타지'}, {'id': 27, 'name': '공포'}]","[5530, 83002, 137905]",[1113116],474350
조커,2019-10-01,152.293,21581,8.2,"[{'id': 18, 'name': '드라마'}, {'id': 53, 'name': '스릴러'}, {'id': 80, 'name': '범죄'}]","[380, 73421, 1545693]",[57130],475557
킹스맨: 퍼스트 에이전트,2021-12-22,213.116,3324,6.8,"[{'id': 12, 'name': '모험'}, {'id': 28, 'name': '액션'}, {'id': 53, 'name': '스릴러'}, {'id': 9648, 'name': '미스테리'}, {'id': 10752, 'name': '전쟁'}]","[5469, 59620, 1716493]",[957],476669
트윈,2022-04-06,661.535,105,6.1,"[{'id': 27, 'name': '공포'}, {'id': 9648, 'name': '미스테리'}]","[20374, 203459, 1102427]",[1168608],477462
크리드 2,2018-11-21,133.36,4402,7.0,"[{'id': 18, 'name': '드라마'}]","[16483, 62561, 135651]",[1551545],480530
고장난 론,2021-10-14,142.324,1458,8.0,"[{'id': 16, 'name': '애니메이션'}, {'id': 35, 'name': '코미디'}, {'id': 878, 'name': 'SF'}, {'id': 10751, 'name': '가족'}]","[27105, 58225, 1774679]",[208113],482321
맨 인 더 다크 2,2021-08-12,194.256,1914,7.3,"[{'id': 27, 'name': '공포'}, {'id': 53, 'name': '스릴러'}]","[2839, 32747, 2396546]",[1046225],482373
홈바운드,2022-04-01,295.031,11,3.8,"[{'id': 18, 'name': '드라마'}, {'id': 27, 'name': '공포'}, {'id': 9648, 'name': '미스테리'}]","[43034, 112824, 1503909]",[1916699],484907
착한 형수2,2017-10-08,169.935,1,5.0,"[{'id': 10749, 'name': '로맨스'}]","[1622390, 1721615, 1997928]",[],485470
버즈 오브 프레이: 할리 퀸의 황홀한 해방,2020-02-05,134.52,9086,7.0,"[{'id': 28, 'name': '액션'}, {'id': 80, 'name': '범죄'}]","[3061, 17628, 234352]",[1936668],495764
에놀라 홈즈,2020-09-23,239.765,4933,7.3,"[{'id': 12, 'name': '모험'}, {'id': 28, 'name': '액션'}, {'id': 35, 'name': '코미디'}, {'id': 80, 'name': '범죄'}, {'id': 9648, 'name': '미스테리'}]","[73968, 237455, 1356210]",[173847],497582
블랙 위도우,2021-07-07,193.515,8338,7.4,"[{'id': 12, 'name': '모험'}, {'id': 28, 'name': '액션'}, {'id': 878, 'name': 'SF'}]","[1245, 3293, 1373737]",[93286],497698
나의 히어로 아카데미아 더 무비: 두 명의 히어로,2018-08-03,174.159,814,7.9,"[{'id': 12, 'name': '모험'}, {'id': 14, 'name': '판타지'}, {'id': 16, 'name': '애니메이션'}, {'id': 28, 'name': '액션'}]","[225603, 227611, 1325962]",[1307036],505262
블랙 팬서: 와칸다 포에버,2022-11-09,4248.617,855,7.5,"[{'id': 12, 'name': '모험'}, {'id': 28, 'name': '액션'}, {'id': 878, 'name': 'SF'}]","[82104, 1083010, 1267329]",[1056121],505642
쥬라기 월드: 도미니언,2022-06-01,1074.906,3863,7.0,"[{'id': 12, 'name': '모험'}, {'id': 28, 'name': '액션'}, {'id': 878, 'name': 'SF'}]","[4784, 18997, 73457]",[930707],507086
소울,2020-12-25,152.243,8582,8.2,"[{'id': 14, 'name': '판타지'}, {'id': 16, 'name': '애니메이션'}, {'id': 18, 'name': '드라마'}, {'id': 35, 'name': '코미디'}, {'id': 10751, 'name': '가족'}]","[134, 56323, 78577]",[12890],508442
루카,2021-06-17,236.141,6847,7.9,"[{'id': 14, 'name': '판타지'}, {'id': 16, 'name': '애니메이션'}, {'id': 35, 'name': '코미디'}, {'id': 10751, 'name': '가족'}]","[1277188, 1774679, 2990400]",[930567],508943
메이의 새빨간 비밀,2022-03-10,570.887,3531,7.5,"[{'id': 14, 'name': '판타지'}, {'id': 16, 'name': '애니메이션'}, {'id': 35, 'name': '코미디'}, {'id': 10751, 'name': '가족'}]","[25540, 1373681, 3156344]",[2009739],508947
웬델 & 와일드,2022-10-21,442.712,126,6.8,"[{'id': 12, 'name': '모험'}, {'id': 14, 'name': '판타지'}, {'id': 16, 'name': '애니메이션'}, {'id': 35, 'name': '코미디'}]","[9780, 291263, 298410]",[57646],511817
레드 노티스,2021-11-04,265.248,4323,6.8,"[{'id': 28, 'name': '액션'}, {'id': 35, 'name': '코미디'}, {'id': 53, 'name': '스릴러'}, {'id': 80, 'name': '범죄'}]","[10859, 18918, 90633]",[57633],512195
헌트,2019-09-13,144.923,905,6.7,"[{'id': 27, 'name': '공포'}, {'id': 53, 'name': '스릴러'}]","[80614, 1140241, 1316972]",[1317685],517116
콰이어트 플레이스 2,2021-05-21,175.027,4830,7.6,"[{'id': 27, 'name': '공포'}, {'id': 53, 'name': '스릴러'}, {'id': 878, 'name': 'SF'}]","[2037, 5081, 1815539]",[17697],520763
핀치,2021-11-04,131.85,2651,8.0,"[{'id': 12, 'name': '모험'}, {'id': 18, 'name': '드라마'}, {'id': 878, 'name': 'SF'}]","[31, 572541, 1457107]",[114404],522402
블랙 워터: 아비스,2020-07-09,152.061,358,5.1,"[{'id': 12, 'name': '모험'}, {'id': 27, 'name': '공포'}, {'id': 28, 'name': '액션'}]","[136347, 1181361, 1236816]",[81328],522444
이터널스,2021-11-03,264.916,6512,7.0,"[{'id': 12, 'name': '모험'}, {'id': 28, 'name': '액션'}, {'id': 878, 'name': 'SF'}]","[11701, 97576, 512991]",[1395183],524434
리틀,2019-04-04,146.089,608,6.9,"[{'id': 14, 'name': '판타지'}, {'id': 35, 'name': '코미디'}, {'id': 10749, 'name': '로맨스'}]","[35705, 1407498, 1455336]",[84124],526050
모비우스,2022-03-30,340.846,2916,6.3,"[{'id': 14, 'name': '판타지'}, {'id': 28, 'name': '액션'}, {'id': 878, 'name': 'SF'}]","[7499, 136532, 1371297]",[125738],526896
라야와 마지막 드래곤,2021-03-03,207.55,5697,8.0,"[{'id': 12, 'name': '모험'}, {'id': 14, 'name': '판타지'}, {'id': 16, 'name': '애니메이션'}, {'id': 28, 'name': '액션'}, {'id': 10751, 'name': '가족'}]","[1625558, 1663195, 2362044]",[227439],527774
크루즈 패밀리: 뉴 에이지,2020-11-25,237.45,3166,7.5,"[{'id': 12, 'name': '모험'}, {'id': 14, 'name': '판타지'}, {'id': 16, 'name': '애니메이션'}, {'id': 35, 'name': '코미디'}, {'id': 10751, 'name': '가족'}]","[2963, 10859, 54693]",[1450348],529203
마녀를 잡아라,2020-10-25,170.471,2366,6.4,"[{'id': 12, 'name': '모험'}, {'id': 14, 'name': '판타지'}, {'id': 35, 'name': '코미디'}]","[1813, 6944, 2241218]",[24],531219
피노키오,2022-09-07,1086.135,1092,6.7,"[{'id': 12, 'name': '모험'}, {'id': 14, 'name': '판타지'}, {'id': 10751, 'name': '가족'}]","[31, 24045, 2382044]",[24],532639
런 스윗하트 런,2020-01-27,251.202,61,6.1,"[{'id': 27, 'name': '공포'}, {'id': 53, 'name': '스릴러'}]","[9048, 90060, 2092879]",[129718],532870
애프터,2019-04-11,236.806,7369,7.2,"[{'id': 18, 'name': '드라마'}, {'id': 10749, 'name': '로맨스'}]","[1114487, 1684130, 1753914]",[1586194],537915
DC 리그 오브 슈퍼-펫,2022-07-27,718.793,940,7.5,"[{'id': 16, 'name': '애니메이션'}, {'id': 28, 'name': '액션'}, {'id': 35, 'name': '코미디'}, {'id': 878, 'name': 'SF'}, {'id': 10751, 'name': '가족'}]","[17697, 18918, 55638]",[89027],539681
에이바,2020-07-02,139.256,2106,5.8,"[{'id': 12, 'name': '모험'}, {'id': 18, 'name': '드라마'}, {'id': 28, 'name': '액션'}, {'id': 53, 'name': '스릴러'}, {'id': 80, 'name': '범죄'}]","[6949, 16935, 2048372]",[55789],539885
"그 남자, 좋은 간호사",2022-10-19,286.151,527,7.0,"[{'id': 18, 'name': '드라마'}, {'id': 80, 'name': '범죄'}, {'id': 9648, 'name': '미스테리'}]","[11315, 37632, 83002]",[141883],541134
위시 드래곤,2021-01-15,131.03,1001,8.0,"[{'id': 14, 'name': '판타지'}, {'id': 16, 'name': '애니메이션'}, {'id': 35, 'name': '코미디'}, {'id': 10751, 'name': '가족'}]","[68842, 206444, 447244]",[1453550],550205
프리 가이,2021-08-11,197.369,6525,7.6,"[{'id': 12, 'name': '모험'}, {'id': 35, 'name': '코미디'}, {'id': 878, 'name': 'SF'}]","[10859, 1388593, 1467219]",[17825],550988
미디벌,2022-09-08,2568.084,149,7.2,"[{'id': 18, 'name': '드라마'}, {'id': 28, 'name': '액션'}, {'id': 36, 'name': '역사'}]","[3895, 11107, 103994]",[53348],551271
노 만체스 프리다 2,2019-03-15,211.445,729,8.0,"[{'id': 35, 'name': '코미디'}]","[55392, 1134885, 2008873]",[79002],554596
엘머의 모험,2022-11-04,456.966,12,7.5,"[{'id': 12, 'name': '모험'}, {'id': 14, 'name': '판타지'}, {'id': 16, 'name': '애니메이션'}, {'id': 35, 'name': '코미디'}, {'id': 10751, 'name': '가족'}]","[229932, 1277188, 1653291]",[96677],560052
씨 비스트,2022-06-24,255.178,869,7.6,"[{'id': 12, 'name': '모험'}, {'id': 14, 'name': '판타지'}, {'id': 16, 'name': '애니메이션'}, {'id': 10751, 'name': '가족'}]","[1372, 15440, 2127280]",[70238],560057
샹치와 텐 링즈의 전설,2021-09-01,303.112,7411,7.7,"[{'id': 12, 'name': '모험'}, {'id': 14, 'name': '판타지'}, {'id': 28, 'name': '액션'}]","[1337, 1489211, 1625558]",[1144604],566525
엔칸토: 마법의 세계,2021-10-13,595.395,7579,7.7,"[{'id': 14, 'name': '판타지'}, {'id': 16, 'name': '애니메이션'}, {'id': 35, 'name': '코미디'}, {'id': 10751, 'name': '가족'}]","[5723, 968367, 2521631]",[76595],568124
포켓몬스터 극장판 - 뮤츠의 역습 EVOLUTION,2019-07-12,128.818,407,6.7,"[{'id': 12, 'name': '모험'}, {'id': 14, 'name': '판타지'}, {'id': 16, 'name': '애니메이션'}, {'id': 28, 'name': '액션'}, {'id': 10751, 'name': '가족'}]","[65424, 65426, 73044]",[21693],571891
제미나이: 지구 최후의 날,2022-01-06,1006.951,169,5.7,"[{'id': 878, 'name': 'SF'}]","[238523, 1265148, 1280426]",[3183304],575322
미녀와 야수:마법에 걸린 왕자,2022-01-27,220.695,24,6.3,"[{'id': 12, 'name': '모험'}, {'id': 16, 'name': '애니메이션'}, {'id': 10751, 'name': '가족'}]","[1287199, 1318905, 3033477]",[1628967],576925
RRR: 라이즈 로어 리볼트,2022-03-24,499.031,510,7.8,"[{'id': 18, 'name': '드라마'}, {'id': 28, 'name': '액션'}]","[147023, 148037, 1108120]",[147021],579974
베놈 2: 렛 데어 비 카니지,2021-09-30,361.805,8213,6.9,"[{'id': 12, 'name': '모험'}, {'id': 28, 'name': '액션'}, {'id': 878, 'name': 'SF'}]","[1812, 2524, 57755]",[1333],580489
인피니트,2021-09-09,144.209,1252,6.7,"[{'id': 28, 'name': '액션'}, {'id': 53, 'name': '스릴러'}, {'id': 878, 'name': 'SF'}]","[5294, 13240, 1282054]",[20907],581726
몬스터 호텔 4: 뒤바뀐 세계,2022-02-25,466.688,1283,7.1,"[{'id': 12, 'name': '모험'}, {'id': 14, 'name': '판타지'}, {'id': 16, 'name': '애니메이션'}, {'id': 35, 'name': '코미디'}, {'id': 10751, 'name': '가족'}]","[17696, 62861, 77948]",[70652],585083
클리포드 더 빅 레드 독,2021-11-10,271.756,1447,7.3,"[{'id': 12, 'name': '모험'}, {'id': 14, 'name': '판타지'}, {'id': 35, 'name': '코미디'}, {'id': 10751, 'name': '가족'}]","[212285, 1696017, 2362044]",[68573],585245
럭,2022-08-05,946.803,912,7.9,"[{'id': 12, 'name': '모험'}, {'id': 14, 'name': '판타지'}, {'id': 16, 'name': '애니메이션'}, {'id': 35, 'name': '코미디'}]","[6352, 11108, 1684452]",[80672],585511
톰과 제리,2021-02-10,133.852,2124,6.9,"[{'id': 16, 'name': '애니메이션'}, {'id': 35, 'name': '코미디'}, {'id': 10751, 'name': '가족'}]","[454, 56734, 1226277]",[20400],587807
한산: 용의 출현,2022-07-27,132.483,21,7.1,"[{'id': 18, 'name': '드라마'}, {'id': 28, 'name': '액션'}, {'id': 36, 'name': '역사'}, {'id': 10752, 'name': '전쟁'}]","[17121, 21687, 1337780]",[1049134],588108
투모로우 워,2021-07-02,205.304,5961,7.9,"[{'id': 12, 'name': '모험'}, {'id': 28, 'name': '액션'}, {'id': 878, 'name': 'SF'}]","[18999, 63312, 73457]",[144816],588228
Последний богатырь: Корень зла,2021-01-01,201.049,117,7.0,"[{'id': 12, 'name': '모험'}, {'id': 14, 'name': '판타지'}, {'id': 35, 'name': '코미디'}]","[107727, 1257126, 1309706]",[115122],589754
체르노빌 1986,2021-04-15,173.008,402,6.2,"[{'id': 12, 'name': '모험'}, {'id': 14, 'name': '판타지'}, {'id': 18, 'name': '드라마'}, {'id': 28, 'name': '액션'}, {'id': 36, 'name': '역사'}, {'id': 9648, 'name': '미스테리'}]","[77667, 562730, 1378375]",[562730],589761
나의 히어로 아카데미아 더 무비: 히어로즈 라이징,2019-12-20,176.812,983,8.2,"[{'id': 12, 'name': '모험'}, {'id': 14, 'name': '판타지'}, {'id': 16, 'name': '애니메이션'}, {'id': 28, 'name': '액션'}]","[1245094, 1325962, 2040402]",[1307036],592350
더 메뉴,2022-11-17,259.175,79,7.6,"[{'id': 27, 'name': '공포'}, {'id': 35, 'name': '코미디'}, {'id': 53, 'name': '스릴러'}]","[3292, 5469, 1397778]",[57199],593643
더 브릿지,2022-10-28,287.714,100,6.9,"[{'id': 18, 'name': '드라마'}]","[58643, 72129, 226366]",[2289991],595586
지상 최대 맥주배달 작전,2022-09-30,240.605,351,7.8,"[{'id': 18, 'name': '드라마'}, {'id': 35, 'name': '코미디'}, {'id': 10752, 'name': '전쟁'}]","[934, 29222, 1562074]",[7396],597922
외계+인 1부,2022-07-20,143.161,70,7.3,"[{'id': 12, 'name': '모험'}, {'id': 14, 'name': '판타지'}, {'id': 28, 'name': '액션'}, {'id': 878, 'name': 'SF'}]","[1257671, 1530733, 1537768]",[119337],601796
더 퍼지: 포에버,2021-06-30,232.649,1944,7.1,"[{'id': 27, 'name': '공포'}, {'id': 28, 'name': '액션'}, {'id': 53, 'name': '스릴러'}]","[6164, 57409, 87265]",[1192942],602223
존 윅 4,2023-03-22,136.478,0,0.0,"[{'id': 28, 'name': '액션'}, {'id': 53, 'name': '스릴러'}, {'id': 80, 'name': '범죄'}]","[1341, 6384, 6972]",[40644],603692
야차,2022-04-08,129.137,125,6.4,"[{'id': 12, 'name': '모험'}, {'id': 28, 'name': '액션'}, {'id': 53, 'name': '스릴러'}, {'id': 80, 'name': '범죄'}]","[85008, 234641, 1593672]",[1109635],606402
드래곤볼 슈퍼: 슈퍼 히어로,2022-06-11,801.736,2033,8.0,"[{'id': 16, 'name': '애니메이션'}, {'id': 28, 'name': '액션'}, {'id': 878, 'name': 'SF'}]","[85286, 90496, 90569]",[2403335],610150
할로윈 킬즈,2021-10-14,174.408,2077,6.6,"[{'id': 27, 'name': '공포'}, {'id': 53, 'name': '스릴러'}]","[8944, 20750, 1511997]",[64141],610253
죽은 자들의 골짜기,2020-10-08,126.335,220,6.2,"[{'id': 27, 'name': '공포'}, {'id': 35, 'name': '코미디'}, {'id': 10752, 'name': '전쟁'}]","[15598, 566544, 1354964]",[69875],613093
애프터: 그 후,2020-09-02,214.548,4774,7.2,"[{'id': 18, 'name': '드라마'}, {'id': 10749, 'name': '로맨스'}]","[95686, 1114487, 1753914]",[11873],613504
엘비스,2022-06-22,124.708,1810,7.8,"[{'id': 18, 'name': '드라마'}, {'id': 36, 'name': '역사'}, {'id': 10402, 'name': '음악'}]","[31, 12206, 86654]",[6201],614934
마녀 Part 2: The Other One,2022-06-15,151.025,94,7.3,"[{'id': 28, 'name': '액션'}, {'id': 53, 'name': '스릴러'}, {'id': 878, 'name': 'SF'}, {'id': 9648, 'name': '미스테리'}]","[1134684, 1882314, 2896274]",[557736],615173
노바디,2021-03-18,156.474,5216,8.1,"[{'id': 28, 'name': '액션'}, {'id': 53, 'name': '스릴러'}, {'id': 80, 'name': '범죄'}]","[935, 1062, 59410]",[1169024],615457
스파이더헤드,2022-06-17,159.242,1058,5.8,"[{'id': 53, 'name': '스릴러'}, {'id': 878, 'name': 'SF'}]","[59017, 74568, 996701]",[86270],615469
토르: 러브 앤 썬더,2022-07-06,1107.403,4697,6.7,"[{'id': 14, 'name': '판타지'}, {'id': 28, 'name': '액션'}, {'id': 35, 'name': '코미디'}]","[524, 3894, 74568]",[55934],616037
할로윈 엔드,2022-10-12,626.112,953,6.5,"[{'id': 27, 'name': '공포'}, {'id': 53, 'name': '스릴러'}]","[8944, 1196041, 1511997]",[64141],616820
졸트,2021-07-15,146.543,991,6.7,"[{'id': 28, 'name': '액션'}, {'id': 53, 'name': '스릴러'}]","[2283, 3967, 21127]",[264113],617502
딸의 친구 4,2019-07-26,225.889,2,6.0,"[{'id': 10749, 'name': '로맨스'}]","[1907997, 2374721, 2374722]",[1511274],619433
걱정말아요 그대,2022-09-21,566.321,979,6.9,"[{'id': 53, 'name': '스릴러'}, {'id': 878, 'name': 'SF'}, {'id': 9648, 'name': '미스테리'}]","[62064, 1052109, 1373737]",[59315],619730
범죄도시 2,2022-05-18,224.282,93,7.3,"[{'id': 28, 'name': '액션'}, {'id': 80, 'name': '범죄'}]","[1024395, 1418581, 2035488]",[2376041],619803
매트릭스: 리저렉션,2021-12-16,222.182,4303,6.6,"[{'id': 12, 'name': '모험'}, {'id': 28, 'name': '액션'}, {'id': 878, 'name': 'SF'}]","[530, 6384, 1639847]",[9340],624860
도그,2022-02-17,393.25,1001,7.4,"[{'id': 18, 'name': '드라마'}, {'id': 35, 'name': '코미디'}]","[209, 38673, 135352]",[38673],626735
비상선언,2022-08-03,297.811,83,7.5,"[{'id': 18, 'name': '드라마'}, {'id': 28, 'name': '액션'}]","[20737, 20738, 25002]",[1059129],626872
파나마,2022-03-17,145.371,89,5.5,"[{'id': 53, 'name': '스릴러'}]","[2461, 6614, 1893351]",[20193],628878
더 컨트랙터,2022-03-10,252.705,574,6.5,"[{'id': 28, 'name': '액션'}, {'id': 53, 'name': '스릴러'}]","[11107, 62064, 94098]",[119293],628900
셧 인,2022-03-24,159.759,244,7.1,"[{'id': 18, 'name': '드라마'}, {'id': 27, 'name': '공포'}, {'id': 53, 'name': '스릴러'}]","[22461, 1008554, 1481235]",[40256],629015
사마리탄,2022-08-25,565.793,1401,6.9,"[{'id': 18, 'name': '드라마'}, {'id': 28, 'name': '액션'}, {'id': 878, 'name': 'SF'}]","[16483, 1026947, 2532098]",[1299642],629176
배드 가이즈,2022-03-17,367.36,1159,7.7,"[{'id': 12, 'name': '모험'}, {'id': 16, 'name': '애니메이션'}, {'id': 28, 'name': '액션'}, {'id': 35, 'name': '코미디'}, {'id': 80, 'name': '범죄'}]","[6807, 1231717, 1625558]",[1261455],629542
티탄,2021-07-14,127.487,964,6.5,"[{'id': 18, 'name': '드라마'}, {'id': 27, 'name': '공포'}, {'id': 53, 'name': '스릴러'}]","[5443, 1144473, 2418333]",[1392433],630240
더 언홀리,2021-03-31,192.694,1756,6.7,"[{'id': 27, 'name': '공포'}, {'id': 9648, 'name': '미스테리'}]","[6573, 47296, 2067034]",[80675],632357
텍사스 전기톱 학살 2022,2022-02-18,169.222,1019,5.2,"[{'id': 27, 'name': '공포'}, {'id': 53, 'name': '스릴러'}]","[122851, 172254, 2035239]",[1981891],632727
사슴의 왕: 유나와 약속의 여행,2021-10-28,153.409,23,6.0,"[{'id': 12, 'name': '모험'}, {'id': 14, 'name': '판타지'}, {'id': 16, 'name': '애니메이션'}, {'id': 18, 'name': '드라마'}]","[58596, 572020, 1384646]",[40336],633844
마크맨,2021-01-15,125.409,1276,6.9,"[{'id': 28, 'name': '액션'}, {'id': 53, 'name': '스릴러'}]","[3896, 26723, 589722]",[4746],634528
스파이더맨: 노 웨이 홈,2021-12-15,917.111,15869,8.0,"[{'id': 12, 'name': '모험'}, {'id': 28, 'name': '액션'}, {'id': 878, 'name': 'SF'}]","[71580, 505710, 1136406]",[1293994],634649
극장판 귀멸의 칼날: 무한열차편,2020-10-16,585.381,2789,8.3,"[{'id': 12, 'name': '모험'}, {'id': 14, 'name': '판타지'}, {'id': 16, 'name': '애니메이션'}, {'id': 28, 'name': '액션'}]","[119145, 1256603, 1563442]",[1283010],635302
캐시트럭,2021-04-22,267.947,4034,7.7,"[{'id': 28, 'name': '액션'}, {'id': 53, 'name': '스릴러'}, {'id': 80, 'name': '범죄'}]","[976, 2299, 7497]",[956],637649
아담스 패밀리 2,2021-10-01,209.392,987,7.1,"[{'id': 12, 'name': '모험'}, {'id': 14, 'name': '판타지'}, {'id': 16, 'name': '애니메이션'}, {'id': 27, 'name': '공포'}, {'id': 35, 'name': '코미디'}, {'id': 10751, 'name': '가족'}]","[19767, 25072, 2532098]",[12080],639721
노스맨,2022-04-07,386.607,2687,7.2,"[{'id': 12, 'name': '모험'}, {'id': 14, 'name': '판타지'}, {'id': 28, 'name': '액션'}]","[2227, 28846, 150802]",[138781],639933
호커스 포커스 2,2022-09-27,988.653,1118,7.5,"[{'id': 14, 'name': '판타지'}, {'id': 35, 'name': '코미디'}, {'id': 10751, 'name': '가족'}]","[520, 11074, 73931]",[29214],642885
킬링 카인드: 킬러의 수제자,2021-08-19,157.17,720,6.6,"[{'id': 28, 'name': '액션'}, {'id': 53, 'name': '스릴러'}]","[2231, 2232, 21045]",[10702],645788
스크림,2022-01-12,193.573,1859,6.7,"[{'id': 27, 'name': '공포'}, {'id': 53, 'name': '스릴러'}, {'id': 9648, 'name': '미스테리'}]","[974169, 1373659, 2174509]",[66681],646385
미친 능력,2022-04-20,148.568,831,6.8,"[{'id': 28, 'name': '액션'}, {'id': 35, 'name': '코미디'}, {'id': 80, 'name': '범죄'}]","[2963, 1230868, 1253360]",[1211000],648579
La abuela,2022-01-28,169.061,307,5.9,"[{'id': 18, 'name': '드라마'}, {'id': 27, 'name': '공포'}]","[1910478, 1914003, 2846747]",[54526],661791
"포켓몬스터 극장판 - 정글의 아이, 코코",2020-12-25,146.81,113,7.0,"[{'id': 12, 'name': '모험'}, {'id': 14, 'name': '판타지'}, {'id': 16, 'name': '애니메이션'}, {'id': 28, 'name': '액션'}, {'id': 878, 'name': 'SF'}, {'id': 10751, 'name': '가족'}]","[65424, 73044, 1547747]",[1947876],662708
테리파이어 2,2022-10-06,2735.525,631,7.0,"[{'id': 27, 'name': '공포'}, {'id': 53, 'name': '스릴러'}]","[1880016, 1882502, 2787720]",[933176],663712
암스테르담,2022-09-27,358.909,338,6.1,"[{'id': 35, 'name': '코미디'}, {'id': 36, 'name': '역사'}, {'id': 53, 'name': '스릴러'}, {'id': 80, 'name': '범죄'}, {'id': 9648, 'name': '미스테리'}]","[3894, 234352, 1117313]",[17883],664469
레전드 퀘스트: 오리진,2021-02-15,215.949,182,8.3,"[{'id': 12, 'name': '모험'}, {'id': 14, 'name': '판타지'}, {'id': 16, 'name': '애니메이션'}, {'id': 35, 'name': '코미디'}, {'id': 10751, 'name': '가족'}]","[52745, 590312, 2521922]",[104987],667276
울고 싶은 나는 고양이 가면을 쓴다,2020-06-18,138.975,1084,8.0,"[{'id': 14, 'name': '판타지'}, {'id': 16, 'name': '애니메이션'}, {'id': 18, 'name': '드라마'}, {'id': 10749, 'name': '로맨스'}]","[20664, 227611, 1256603]",[106577],667520
맨 프롬 토론토,2022-06-24,171.178,868,6.6,"[{'id': 28, 'name': '액션'}, {'id': 35, 'name': '코미디'}]","[53862, 55638, 57755]",[143059],667739
슬럼버랜드,2022-11-09,159.975,110,8.1,"[{'id': 12, 'name': '모험'}, {'id': 14, 'name': '판타지'}, {'id': 10751, 'name': '가족'}]","[3497, 117642, 2103874]",[10943],668461
MexZombies,2022-10-26,1848.224,83,7.2,"[{'id': 27, 'name': '공포'}, {'id': 28, 'name': '액션'}, {'id': 35, 'name': '코미디'}]","[1240118, 1310902, 2177750]",[964826],675054
수퍼 소닉 2,2022-03-30,812.094,3363,7.6,"[{'id': 12, 'name': '모험'}, {'id': 28, 'name': '액션'}, {'id': 35, 'name': '코미디'}, {'id': 10751, 'name': '가족'}]","[11006, 110742, 222121]",[93364],675353
퍼피 구조대 더 무비,2021-08-09,221.784,1044,7.4,"[{'id': 12, 'name': '모험'}, {'id': 16, 'name': '애니메이션'}, {'id': 35, 'name': '코미디'}, {'id': 10751, 'name': '가족'}]","[1684536, 2412016, 3044930]",[1098477],675445
프레이 포 더 데블,2022-10-23,128.808,58,5.9,"[{'id': 27, 'name': '공포'}, {'id': 53, 'name': '스릴러'}]","[5414, 1237405, 1400939]",[120245],676547
Tadeo Jones 3: La Tabla Esmeralda,2022-08-24,2189.242,91,7.9,"[{'id': 12, 'name': '모험'}, {'id': 14, 'name': '판타지'}, {'id': 16, 'name': '애니메이션'}, {'id': 35, 'name': '코미디'}, {'id': 10751, 'name': '가족'}]","[114463, 1021607, 1164823]",[1074721],676701
가재가 노래하는 곳,2022-07-15,129.14,634,7.7,"[{'id': 18, 'name': '드라마'}, {'id': 53, 'name': '스릴러'}, {'id': 9648, 'name': '미스테리'}]","[1369329, 1716493, 2230991]",[1668008],682507
클린,2022-01-28,138.783,240,6.4,"[{'id': 80, 'name': '범죄'}]","[3490, 1377670, 1783255]",[87494],689700
애덤 프로젝트,2022-03-11,189.991,3133,7.1,"[{'id': 12, 'name': '모험'}, {'id': 878, 'name': 'SF'}]","[103, 10859, 2867506]",[17825],696806
워헌트,2022-01-21,154.176,62,5.0,"[{'id': 14, 'name': '판타지'}, {'id': 27, 'name': '공포'}, {'id': 28, 'name': '액션'}, {'id': 53, 'name': '스릴러'}, {'id': 10752, 'name': '전쟁'}]","[2295, 17343, 84215]",[21701],697799
리디밍 러브,2022-01-21,124.658,176,7.9,"[{'id': 18, 'name': '드라마'}, {'id': 36, 'name': '역사'}, {'id': 10749, 'name': '로맨스'}]","[58115, 1371456, 2336109]",[40256],698508
데스스트록: 나이츠 앤 드래곤즈,2020-08-04,184.741,374,6.9,"[{'id': 12, 'name': '모험'}, {'id': 16, 'name': '애니메이션'}, {'id': 28, 'name': '액션'}, {'id': 878, 'name': 'SF'}]","[19654, 64154, 1103625]",[1612783],703771
허슬,2022-06-03,156.226,1764,7.9,"[{'id': 18, 'name': '드라마'}, {'id': 35, 'name': '코미디'}]","[15758, 19292, 2822959]",[550121],705861
"아르헨티나, 1985년",2022-09-29,135.752,143,8.3,"[{'id': 18, 'name': '드라마'}, {'id': 36, 'name': '역사'}]","[69310, 239252, 1246181]",[84677],714888
Jeepers Creepers: Reborn,2022-09-15,2047.345,473,5.8,"[{'id': 27, 'name': '공포'}, {'id': 53, 'name': '스릴러'}, {'id': 9648, 'name': '미스테리'}]","[1817397, 2738561, 3425159]",[66212],717728
버즈 라이트이어,2022-06-15,392.924,2370,7.2,"[{'id': 12, 'name': '모험'}, {'id': 16, 'name': '애니메이션'}, {'id': 28, 'name': '액션'}, {'id': 878, 'name': 'SF'}, {'id': 10751, 'name': '가족'}]","[16828, 21198, 74688]",[7929],718789
불릿 트레인,2022-07-03,1005.427,2379,7.5,"[{'id': 28, 'name': '액션'}, {'id': 35, 'name': '코미디'}, {'id': 53, 'name': '스릴러'}]","[287, 27428, 125025]",[40684],718930
The Drover's Wife: The Legend of Molly Johnson,2022-05-05,208.247,9,5.2,"[{'id': 18, 'name': '드라마'}, {'id': 37, 'name': '서부'}, {'id': 53, 'name': '스릴러'}]","[38782, 589650, 1636490]",[38782],722800
해리건 씨의 전화기,2022-10-05,179.877,438,6.6,"[{'id': 18, 'name': '드라마'}, {'id': 27, 'name': '공포'}, {'id': 53, 'name': '스릴러'}]","[55636, 1274508, 1532312]",[54040],723419
더 우먼 킹,2022-09-15,241.797,289,7.4,"[{'id': 18, 'name': '드라마'}, {'id': 28, 'name': '액션'}, {'id': 36, 'name': '역사'}]","[19492, 1360281, 2286339]",[71947],724495
그레이 맨,2022-07-13,228.079,2377,7.0,"[{'id': 28, 'name': '액션'}, {'id': 53, 'name': '스릴러'}]","[16828, 30614, 224513]",[19271],725201
옆방에 일본여자가 싼다,2020-07-09,125.438,2,7.0,"[{'id': 18, 'name': '드라마'}, {'id': 10749, 'name': '로맨스'}]","[1907997, 2292659, 2557514]",[2631089],725405
"미라큘러스 월드: 상하이, 레이디 드레곤의 전설",2021-05-15,230.609,485,7.9,"[{'id': 12, 'name': '모험'}, {'id': 14, 'name': '판타지'}, {'id': 16, 'name': '애니메이션'}, {'id': 28, 'name': '액션'}, {'id': 10751, 'name': '가족'}, {'id': 10770, 'name': 'TV 영화'}]","[1558832, 1762588, 1889718]",[1565301],726684
보레고,2022-01-14,125.948,61,5.9,"[{'id': 53, 'name': '스릴러'}, {'id': 80, 'name': '범죄'}]","[61852, 205307, 1516815]",[2725552],728366
47 로닌의 검,2022-10-25,1299.891,80,6.9,"[{'id': 14, 'name': '판타지'}, {'id': 28, 'name': '액션'}]","[18702, 1267375, 2252174]",[61703],732459
트롤의 습격,2022-12-01,126.757,0,0.0,"[{'id': 12, 'name': '모험'}, {'id': 14, 'name': '판타지'}, {'id': 28, 'name': '액션'}]","[105563, 107542, 1394758]",[87877],736526
올라프의 탄생,2020-10-23,127.058,452,6.9,"[{'id': 14, 'name': '판타지'}, {'id': 16, 'name': '애니메이션'}, {'id': 35, 'name': '코미디'}, {'id': 10751, 'name': '가족'}]","[19394, 54415, 70238]",[1381895],741074
나의 경찰관,2022-10-21,283.993,292,8.1,"[{'id': 18, 'name': '드라마'}, {'id': 10749, 'name': '로맨스'}]","[1052109, 1244412, 2324569]",[1187130],744114
애프터: 관계의 함정,2021-09-01,243.87,1997,7.1,"[{'id': 18, 'name': '드라마'}, {'id': 10749, 'name': '로맨스'}]","[20805, 1114487, 1753914]",[1448492],744275
애프터: 에버 해피,2022-08-24,557.517,570,7.0,"[{'id': 18, 'name': '드라마'}, {'id': 10749, 'name': '로맨스'}]","[20805, 1114487, 1753914]",[1448492],744276
Wunderschön,2022-02-03,181.904,34,7.3,"[{'id': 18, 'name': '드라마'}, {'id': 35, 'name': '코미디'}, {'id': 10749, 'name': '로맨스'}]","[678, 17067, 19910]",[17067],750466
로스트 시티,2022-03-24,422.936,2230,6.7,"[{'id': 12, 'name': '모험'}, {'id': 28, 'name': '액션'}, {'id': 35, 'name': '코미디'}]","[10980, 18277, 38673]",[174313],752623
코만도,2022-01-07,125.579,95,5.8,"[{'id': 28, 'name': '액션'}, {'id': 53, 'name': '스릴러'}, {'id': 80, 'name': '범죄'}]","[2295, 20495, 64856]",[1065384],753232
데이 시프트,2022-08-12,265.25,1303,6.9,"[{'id': 14, 'name': '판타지'}, {'id': 27, 'name': '공포'}, {'id': 28, 'name': '액션'}, {'id': 35, 'name': '코미디'}]","[134, 54697, 1583307]",[131532],755566
"미라큘러스 월드 : 뉴욕, 하나 된 영웅들",2020-09-25,205.709,943,8.2,"[{'id': 12, 'name': '모험'}, {'id': 14, 'name': '판타지'}, {'id': 16, 'name': '애니메이션'}, {'id': 28, 'name': '액션'}, {'id': 10751, 'name': '가족'}, {'id': 10770, 'name': 'TV 영화'}]","[1558832, 1758915, 1762588]",[1565301],755812
블랙폰,2022-06-22,563.86,3098,7.8,"[{'id': 27, 'name': '공포'}, {'id': 53, 'name': '스릴러'}]","[569, 1530558, 2803710]",[55499],756999
헬 카운트,2022-03-25,167.123,302,6.6,"[{'id': 27, 'name': '공포'}, {'id': 9648, 'name': '미스테리'}]","[25837, 111801, 3412392]",[143862],758724
프린세스,2022-06-16,261.751,579,6.9,"[{'id': 14, 'name': '판타지'}, {'id': 28, 'name': '액션'}]","[18182, 55470, 125025]",[1264876],759175
블랙아웃: 사라진 기억,2022-10-12,349.272,87,5.5,"[{'id': 12, 'name': '모험'}, {'id': 28, 'name': '액션'}, {'id': 53, 'name': '스릴러'}]","[19536, 37260, 1134885]",[1168992],759507
X,2022-03-17,287.131,1269,6.8,"[{'id': 27, 'name': '공포'}, {'id': 53, 'name': '스릴러'}, {'id': 9648, 'name': '미스테리'}]","[29221, 974169, 1137824]",[101542],760104
오펀: 천사의 탄생,2022-07-27,1272.528,1310,6.8,"[{'id': 27, 'name': '공포'}, {'id': 53, 'name': '스릴러'}]","[12041, 58014, 77517]",[62768],760161
더 레어,2022-10-28,584.56,24,5.9,"[{'id': 27, 'name': '공포'}, {'id': 28, 'name': '액션'}]","[50668, 1270111, 1352662]",[57581],760204
비스트,2022-08-11,755.76,807,7.0,"[{'id': 12, 'name': '모험'}, {'id': 27, 'name': '공포'}, {'id': 53, 'name': '스릴러'}]","[17605, 1438277, 1877835]",[67813],760741
더 골드,2022-01-13,126.214,418,6.3,"[{'id': 28, 'name': '액션'}, {'id': 53, 'name': '스릴러'}]","[29222, 51671, 75711]",[75711],760926
소드 아트 온라인 -프로그레시브- 별 없는 밤의 아리아,2021-10-30,241.514,117,8.2,"[{'id': 14, 'name': '판타지'}, {'id': 16, 'name': '애니메이션'}, {'id': 28, 'name': '액션'}, {'id': 878, 'name': 'SF'}]","[233590, 1248340, 1325949]",[1498113],761898
놉,2022-07-20,279.609,2046,7.0,"[{'id': 27, 'name': '공포'}, {'id': 53, 'name': '스릴러'}, {'id': 878, 'name': 'SF'}, {'id': 9648, 'name': '미스테리'}]","[74688, 206919, 1602972]",[291263],762504
크리스마스 또 다시?!,2021-12-03,127.615,68,6.9,"[{'id': 14, 'name': '판타지'}, {'id': 35, 'name': '코미디'}, {'id': 10751, 'name': '가족'}, {'id': 10770, 'name': 'TV 영화'}]","[10582, 1181309, 1512021]",[58375],762879
두 리벤지,2022-09-14,130.909,474,6.4,"[{'id': 35, 'name': '코미디'}]","[148992, 1721740, 1903874]",[1721377],762968
퍼플 하트,2022-07-29,163.261,1703,8.3,"[{'id': 18, 'name': '드라마'}, {'id': 10749, 'name': '로맨스'}]","[1331457, 1382755, 1425934]",[1223175],762975
앰뷸런스,2022-03-16,165.742,1239,6.9,"[{'id': 28, 'name': '액션'}, {'id': 53, 'name': '스릴러'}, {'id': 80, 'name': '범죄'}]","[131, 1222992, 1639847]",[865],763285
데스퍼릿 아워,2021-09-12,209.186,291,6.1,"[{'id': 53, 'name': '스릴러'}]","[3489, 1558012, 3086855]",[13015],764835
씨 하우 데이 런,2022-09-09,164.076,328,6.6,"[{'id': 35, 'name': '코미디'}, {'id': 53, 'name': '스릴러'}, {'id': 9648, 'name': '미스테리'}]","[3490, 6807, 36592]",[1814510],766475
프레이,2022-08-02,893.741,4630,7.9,"[{'id': 28, 'name': '액션'}, {'id': 53, 'name': '스릴러'}, {'id': 878, 'name': 'SF'}]","[87126, 1654001, 3675371]",[568322],766507
나의 히어로 아카데미아 더 무비: 월드 히어로즈 미션,2021-08-06,398.629,315,7.6,"[{'id': 12, 'name': '모험'}, {'id': 16, 'name': '애니메이션'}, {'id': 28, 'name': '액션'}, {'id': 878, 'name': 'SF'}]","[149894, 1245094, 1325962]",[1307036],768744
Código Emperador,2022-03-18,203.595,116,5.9,"[{'id': 18, 'name': '드라마'}, {'id': 53, 'name': '스릴러'}]","[16867, 1294749, 1640347]",[588125],769636
아내의 엄마 2,2019-01-14,145.704,0,0.0,"[{'id': 18, 'name': '드라마'}, {'id': 10749, 'name': '로맨스'}]","[1622390, 1721637]",[2665333],770903
Cuando Sea Joven,2022-09-14,190.903,2,8.0,"[{'id': 14, 'name': '판타지'}, {'id': 35, 'name': '코미디'}]","[954828, 975043, 1222995]",[1703328],772071
Presencias,2022-09-07,236.508,103,7.0,"[{'id': 27, 'name': '공포'}]","[110424, 1775557, 3577420]",[46085],772450
Belli ciao,2022-01-01,291.84,92,5.7,"[{'id': 35, 'name': '코미디'}]","[1302692, 1302693, 1588435]",[120127],773820
서울대작전,2022-08-26,348.037,101,6.9,"[{'id': 12, 'name': '모험'}, {'id': 28, 'name': '액션'}, {'id': 35, 'name': '코미디'}, {'id': 80, 'name': '범죄'}]","[572225, 1257601, 1916075]",[1294594],773867
엔드 오브 더 로드,2022-09-09,187.868,208,6.4,"[{'id': 18, 'name': '드라마'}, {'id': 53, 'name': '스릴러'}, {'id': 80, 'name': '범죄'}]","[8171, 15758, 2056270]",[1214641],773975
아이스 에이지: 벅의 대모험,2022-01-28,309.868,1387,6.7,"[{'id': 12, 'name': '모험'}, {'id': 16, 'name': '애니메이션'}, {'id': 35, 'name': '코미디'}, {'id': 10751, 'name': '가족'}]","[11108, 1240645, 3332754]",[5718],774825
파이어하트,2022-01-16,142.11,175,7.5,"[{'id': 16, 'name': '애니메이션'}, {'id': 35, 'name': '코미디'}, {'id': 10751, 'name': '가족'}]","[1748, 11181, 1173984]",[142982],778810
Chickenhare and the Hamster of Darkness,2022-02-16,139.797,198,7.5,"[{'id': 12, 'name': '모험'}, {'id': 14, 'name': '판타지'}, {'id': 16, 'name': '애니메이션'}, {'id': 35, 'name': '코미디'}, {'id': 10751, 'name': '가족'}]","[149684, 2204537, 2452432]",[76100],778855
선과 악의 학교,2022-10-19,984.81,616,7.3,"[{'id': 14, 'name': '판타지'}, {'id': 18, 'name': '드라마'}, {'id': 28, 'name': '액션'}]","[11703, 1494194, 1768965]",[116805],779782
멘,2022-05-20,609.258,474,6.3,"[{'id': 14, 'name': '판타지'}, {'id': 27, 'name': '공포'}, {'id': 53, 'name': '스릴러'}]","[139549, 1498158, 1611824]",[2036],780609
멈출 수 없는,2022-03-31,352.086,37,5.8,"[{'id': 53, 'name': '스릴러'}]","[26107, 47820, 67532]",[72611],781099
도라에몽: 진구의 우주소전쟁 리틀스타워즈 2021,2022-03-04,313.626,5,5.6,"[{'id': 12, 'name': '모험'}, {'id': 16, 'name': '애니메이션'}, {'id': 878, 'name': 'SF'}]","[932986, 1142780, 1241939]",[1327767],782054
루프 라페타,2022-02-04,128.087,50,6.3,"[{'id': 28, 'name': '액션'}, {'id': 35, 'name': '코미디'}, {'id': 80, 'name': '범죄'}]","[550167, 1714229, 2092738]",[2542498],783461
시크릿 헤드쿼터스,2022-08-12,661.095,156,6.9,"[{'id': 12, 'name': '모험'}, {'id': 28, 'name': '액션'}, {'id': 35, 'name': '코미디'}, {'id': 878, 'name': 'SF'}, {'id': 10751, 'name': '가족'}]","[454, 887, 2867506]",[142272],791155
콘스탄틴: 하우스 오브 미스터리,2022-05-02,165.987,92,7.2,"[{'id': 12, 'name': '모험'}, {'id': 16, 'name': '애니메이션'}, {'id': 28, 'name': '액션'}]","[127712, 130081, 1656863]",[1637776],791348
잭 스나이더의 저스티스 리그,2021-03-18,313.837,8325,8.2,"[{'id': 12, 'name': '모험'}, {'id': 14, 'name': '판타지'}, {'id': 28, 'name': '액션'}, {'id': 878, 'name': 'SF'}]","[880, 73968, 90633]",[15217],791373
오프시즌,2022-03-11,252.519,51,5.8,"[{'id': 27, 'name': '공포'}, {'id': 9648, 'name': '미스테리'}]","[3901, 40863, 78804]",[1118348],796256
썸머 고스트,2021-11-12,238.606,37,7.6,"[{'id': 14, 'name': '판타지'}, {'id': 16, 'name': '애니메이션'}, {'id': 18, 'name': '드라마'}, {'id': 9648, 'name': '미스테리'}]","[1255096, 2256610, 2279389]",[2388945],798544
늑대사냥,2022-09-28,360.1,37,6.8,"[{'id': 28, 'name': '액션'}, {'id': 53, 'name': '스릴러'}, {'id': 878, 'name': 'SF'}]","[1255411, 1713025, 1872629]",[1294527],799379
럭키스트 걸 얼라이브,2022-09-30,174.742,464,6.6,"[{'id': 18, 'name': '드라마'}, {'id': 53, 'name': '스릴러'}, {'id': 9648, 'name': '미스테리'}]","[18973, 59233, 168877]",[77964],799546
카터,2022-08-05,149.747,248,6.1,"[{'id': 28, 'name': '액션'}]","[139515, 929574, 3390939]",[548646],800345
키미,2022-02-10,177.235,556,6.2,"[{'id': 53, 'name': '스릴러'}]","[37153, 545087, 1687573]",[1884],800510
티켓 투 파라다이스,2022-09-08,263.568,322,7.0,"[{'id': 35, 'name': '코미디'}, {'id': 10749, 'name': '로맨스'}]","[1204, 1461, 481337]",[17510],800939
The Jack in the Box: Awakening,2022-02-24,391.441,189,6.3,"[{'id': 27, 'name': '공포'}]","[1733286, 2215526, 2992685]",[1976339],801071
바깥 나라의 소녀,2022-03-10,215.71,6,6.5,"[{'id': 14, 'name': '판타지'}, {'id': 16, 'name': '애니메이션'}, {'id': 18, 'name': '드라마'}, {'id': 9648, 'name': '미스테리'}]","[131563, 1315195, 1492982]",[1595348],802699
더 리퀸,2022-01-28,276.06,247,5.1,"[{'id': 27, 'name': '공포'}, {'id': 53, 'name': '스릴러'}]","[5588, 77013, 119807]",[1264876],803114
몬스터 가족,2022-09-27,189.747,128,6.1,"[{'id': 14, 'name': '판타지'}, {'id': 35, 'name': '코미디'}]","[21319, 43774, 59673]",[16848],804413
温泉情話 湯船で揉みがえり,2020-07-24,180.147,2,1.5,"[{'id': 18, 'name': '드라마'}]","[1349950, 3008410, 3008411]",[1278829],805359
왓쳐,2022-06-03,1121.828,295,6.3,"[{'id': 27, 'name': '공포'}, {'id': 53, 'name': '스릴러'}, {'id': 9648, 'name': '미스테리'}]","[39659, 1094091, 1327613]",[1451203],807356
발렛,2022-05-11,129.224,388,7.7,"[{'id': 35, 'name': '코미디'}, {'id': 10749, 'name': '로맨스'}]","[239574, 1213603, 1372369]",[956491],810171
극장판 주술회전 0,2021-12-24,562.345,667,8.3,"[{'id': 14, 'name': '판타지'}, {'id': 16, 'name': '애니메이션'}, {'id': 28, 'name': '액션'}]","[77927, 119143, 1221114]",[2264366],810693
So Cold the River,2022-03-25,455.071,28,5.6,"[{'id': 27, 'name': '공포'}, {'id': 53, 'name': '스릴러'}]","[109740, 1118081, 1411601]",[1423811],811061
조용한 쌍둥이,2022-09-16,202.991,19,7.4,"[{'id': 18, 'name': '드라마'}]","[1083010, 1595457, 2448692]",[1557607],812025
Mete miedo,2022-09-02,468.552,22,6.0,"[{'id': 14, 'name': '판타지'}, {'id': 27, 'name': '공포'}, {'id': 53, 'name': '스릴러'}]","[557713, 1811021, 2482584]",[1936356],812488
몬스터 펫: 몬스터 호텔 단편 애니메이션,2021-04-02,134.327,323,7.4,"[{'id': 14, 'name': '판타지'}, {'id': 16, 'name': '애니메이션'}, {'id': 35, 'name': '코미디'}]","[70652, 1592584, 2093022]",[70652],813258
타르,2022-10-07,185.431,38,7.7,"[{'id': 18, 'name': '드라마'}, {'id': 10402, 'name': '음악'}]","[112, 681, 1385600]",[5010],817758
메모리,2022-04-28,393.261,936,7.1,"[{'id': 28, 'name': '액션'}, {'id': 53, 'name': '스릴러'}, {'id': 80, 'name': '범죄'}]","[529, 3896, 1371819]",[10702],818397
스루 마이 윈도,2022-02-04,167.639,2378,7.5,"[{'id': 18, 'name': '드라마'}, {'id': 10749, 'name': '로맨스'}]","[2367724, 3247402, 3247405]",[1111138],818647
극장판 5등분의 신부,2022-05-20,536.204,101,9.0,"[{'id': 16, 'name': '애니메이션'}, {'id': 35, 'name': '코미디'}, {'id': 10749, 'name': '로맨스'}]","[119143, 233590, 1072776]",[1495399],820067
귀멸의 칼날: 남매의 연,2019-03-29,312.626,55,8.3,"[{'id': 14, 'name': '판타지'}, {'id': 16, 'name': '애니메이션'}, {'id': 28, 'name': '액션'}]","[9705, 1256603, 1563442]",[1283010],820232
Ripper Untold,2021-06-28,135.296,112,6.2,"[{'id': 27, 'name': '공포'}]","[1061495, 1803458, 3059453]",[2114488],820511
Lugares a los que nunca hemos ido,2022-03-26,136.303,4,6.3,"[{'id': 18, 'name': '드라마'}, {'id': 35, 'name': '코미디'}]","[81160, 967161, 2183407]",[588840],821138
캐치 더 페어 원,2022-02-11,207.417,35,6.5,"[{'id': 18, 'name': '드라마'}, {'id': 53, 'name': '스릴러'}, {'id': 80, 'name': '범죄'}]","[213202, 3119545, 3160704]",[1304310],821420
블랙라이트,2022-02-10,240.129,733,6.3,"[{'id': 28, 'name': '액션'}, {'id': 53, 'name': '스릴러'}]","[3896, 1369329, 2026050]",[206574],823625
더 원더,2022-11-02,130.904,130,6.9,"[{'id': 18, 'name': '드라마'}, {'id': 53, 'name': '스릴러'}, {'id': 9648, 'name': '미스테리'}]","[52891, 1373737, 3042998]",[1142171],823766
에놀라 홈즈 2,2022-11-04,2096.361,1005,7.7,"[{'id': 12, 'name': '모험'}, {'id': 80, 'name': '범죄'}, {'id': 9648, 'name': '미스테리'}]","[73968, 1356210, 1558986]",[173847],829280
365일: 오늘,2022-04-27,273.872,938,5.9,"[{'id': 18, 'name': '드라마'}, {'id': 10749, 'name': '로맨스'}]","[2349355, 2511949, 3090060]",[88253],829557
또 다른 365일,2022-08-19,353.582,563,6.6,"[{'id': 18, 'name': '드라마'}, {'id': 10749, 'name': '로맨스'}]","[2349355, 2511949, 3090060]",[88253],829560
파라다이스 시티,2022-11-11,1268.469,11,5.8,"[{'id': 28, 'name': '액션'}, {'id': 53, 'name': '스릴러'}, {'id': 80, 'name': '범죄'}]","[62, 8891, 1224115]",[26713],829799
"라일, 라일, 크로커다일",2022-10-07,222.741,28,7.3,"[{'id': 35, 'name': '코미디'}, {'id': 10402, 'name': '음악'}, {'id': 10751, 'name': '가족'}]","[3810, 206444, 2115854]",[60922],830784
디 인비테이션,2022-08-24,1001.355,327,6.4,"[{'id': 27, 'name': '공포'}, {'id': 53, 'name': '스릴러'}]","[1142724, 1251069, 1729496]",[1709460],830788
Bring It On: Cheer or Die,2022-09-27,273.893,64,6.4,"[{'id': 27, 'name': '공포'}, {'id': 35, 'name': '코미디'}, {'id': 53, 'name': '스릴러'}, {'id': 10770, 'name': 'TV 영화'}]","[1294, 892734, 1617121]",[1121569],831410
인터셉터,2022-05-26,123.666,548,6.2,"[{'id': 12, 'name': '모험'}, {'id': 28, 'name': '액션'}, {'id': 53, 'name': '스릴러'}]","[73269, 972356, 1203030]",[3097969],831946
폴링 포 크리스마스,2022-11-10,1003.108,239,6.6,"[{'id': 35, 'name': '코미디'}, {'id': 10749, 'name': '로맨스'}]","[49265, 232501, 1622199]",[62079],833097
출구는 없다,2022-02-25,229.886,808,7.0,"[{'id': 27, 'name': '공포'}, {'id': 53, 'name': '스릴러'}, {'id': 9648, 'name': '미스테리'}]","[352, 1773397, 2378813]",[1661695],833425
Sicosexual,2022-05-12,396.831,1,2.0,"[{'id': 53, 'name': '스릴러'}]","[2374894, 2500985, 2606946]",[2606947],834734
엑소시즘 오브 갓,2022-03-11,326.313,696,7.2,"[{'id': 27, 'name': '공포'}]","[58942, 1050186, 1601451]",[1190581],836225
"다 비켜, 우리 화났어",2022-03-23,292.9,86,5.4,"[{'id': 28, 'name': '액션'}, {'id': 35, 'name': '코미디'}]","[125699, 131630, 145326]",[2159128],838197
브라이트: 무사의 혼,2021-10-12,125.909,42,5.7,"[{'id': 14, 'name': '판타지'}, {'id': 16, 'name': '애니메이션'}, {'id': 28, 'name': '액션'}]","[1096528, 2363904, 2790233]",[1685889],839100
포커 페이스,2022-11-16,321.269,16,6.0,"[{'id': 18, 'name': '드라마'}, {'id': 53, 'name': '스릴러'}]","[150, 934, 96066]",[934],842934
일곱 개의 대죄: 빛에 저주받은 자들,2021-07-02,322.453,410,7.8,"[{'id': 14, 'name': '판타지'}, {'id': 16, 'name': '애니메이션'}]","[149894, 151182, 1325034]",[1250035],843241
화이트 엘리펀트,2022-06-03,219.197,86,6.6,"[{'id': 28, 'name': '액션'}, {'id': 53, 'name': '스릴러'}, {'id': 80, 'name': '범죄'}]","[62, 12132, 18182]",[77295],843633
The Friendship Game,2022-11-11,182.497,4,6.3,"[{'id': 27, 'name': '공포'}, {'id': 878, 'name': 'SF'}]","[558927, 1254435, 1951237]",[37691],844396
마고,2022-09-09,666.575,37,6.8,"[{'id': 27, 'name': '공포'}, {'id': 878, 'name': 'SF'}]","[74929, 142113, 144852]",[30058],846778
피기,2022-10-07,889.885,208,6.7,"[{'id': 18, 'name': '드라마'}, {'id': 27, 'name': '공포'}, {'id': 53, 'name': '스릴러'}]","[102222, 1260914, 1510952]",[1987284],848058
블랙 사이트,2022-05-05,214.507,138,6.9,"[{'id': 28, 'name': '액션'}, {'id': 53, 'name': '스릴러'}]","[11705, 76512, 224181]",[2410737],848123
Arsenault & Fils,2022-06-17,598.786,5,5.1,"[{'id': 18, 'name': '드라마'}, {'id': 53, 'name': '스릴러'}]","[81418, 240742, 1658206]",[227722],848526
더 스트레인저,2022-10-06,422.863,108,6.1,"[{'id': 18, 'name': '드라마'}, {'id': 53, 'name': '스릴러'}, {'id': 80, 'name': '범죄'}, {'id': 9648, 'name': '미스테리'}]","[16702, 33192, 1531205]",[1212871],848791
20세기 소녀,2022-10-06,447.405,254,8.7,"[{'id': 18, 'name': '드라마'}, {'id': 10749, 'name': '로맨스'}]","[140335, 2117890, 2377671]",[2378215],851644
아테나,2022-09-09,797.018,364,6.6,"[{'id': 18, 'name': '드라마'}, {'id': 28, 'name': '액션'}, {'id': 53, 'name': '스릴러'}]","[1660839, 1710851, 1940747]",[78207],852046
리벤지 오브 파이어,2022-02-11,164.662,75,6.9,"[{'id': 28, 'name': '액션'}, {'id': 53, 'name': '스릴러'}, {'id': 80, 'name': '범죄'}]","[938734, 1105460, 2635811]",[2144597],854467
투 킬 더 비스트,2022-04-28,1127.657,23,6.0,"[{'id': 14, 'name': '판타지'}, {'id': 53, 'name': '스릴러'}, {'id': 9648, 'name': '미스테리'}]","[1961671, 3035813, 3181204]",[1657527],856245
라스트 맨 다운,2022-11-03,220.421,11,5.5,"[{'id': 28, 'name': '액션'}, {'id': 53, 'name': '스릴러'}]","[1273684, 1481440, 3195120]",[3076703],860623
미 타임,2022-08-26,179.918,542,6.0,"[{'id': 35, 'name': '코미디'}]","[13240, 35705, 55638]",[17871],862551
에밀리 더 크리미널,2022-08-12,2009.936,189,6.9,"[{'id': 18, 'name': '드라마'}, {'id': 53, 'name': '스릴러'}, {'id': 80, 'name': '범죄'}, {'id': 9648, 'name': '미스테리'}]","[25382, 51995, 119592]",[1099792],862965
주(咒),2022-03-18,186.235,382,6.9,"[{'id': 27, 'name': '공포'}]","[1344771, 1749592, 3497796]",[1309565],864370
Mickey and Minnie Wish Upon a Christmas,2021-12-02,139.928,129,6.9,"[{'id': 16, 'name': '애니메이션'}]","[84213, 1235060, 1382187]",[1337340],864390
브리지 홀로우의 저주,2022-10-14,230.142,289,6.8,"[{'id': 12, 'name': '모험'}, {'id': 27, 'name': '공포'}, {'id': 35, 'name': '코미디'}, {'id': 10751, 'name': '가족'}]","[9562, 93527, 2029806]",[55075],864959
시정 조치,2022-04-29,293.71,28,4.9,"[{'id': 28, 'name': '액션'}, {'id': 878, 'name': 'SF'}]","[62, 12132, 74677]",[131416],872177
무솔리니의 보물을 털어라,2022-10-26,162.702,142,5.7,"[{'id': 12, 'name': '모험'}, {'id': 28, 'name': '액션'}, {'id': 35, 'name': '코미디'}, {'id': 80, 'name': '범죄'}, {'id': 10752, 'name': '전쟁'}]","[226353, 1118107, 1589101]",[224372],873125
안녕 알베르토,2021-11-12,139.848,549,7.5,"[{'id': 14, 'name': '판타지'}, {'id': 16, 'name': '애니메이션'}, {'id': 35, 'name': '코미디'}, {'id': 10751, 'name': '가족'}]","[1277188, 1774679, 2990412]",[3242711],876716
심슨 가족의 해피 플러스 데이,2021-11-12,196.254,338,6.5,"[{'id': 14, 'name': '판타지'}, {'id': 16, 'name': '애니메이션'}, {'id': 35, 'name': '코미디'}]","[198, 200, 5586]",[197],877183
스트레인지 월드,2022-11-23,190.438,0,0.0,"[{'id': 12, 'name': '모험'}, {'id': 16, 'name': '애니메이션'}, {'id': 878, 'name': 'SF'}, {'id': 10751, 'name': '가족'}]","[6065, 17773, 1998733]",[227439],877269
표류단지,2022-09-09,258.697,116,7.8,"[{'id': 14, 'name': '판타지'}, {'id': 16, 'name': '애니메이션'}, {'id': 18, 'name': '드라마'}, {'id': 9648, 'name': '미스테리'}, {'id': 10751, 'name': '가족'}]","[1253972, 1254672, 1325230]",[570239],877957
크롤스페이스,2022-03-31,569.39,65,6.9,"[{'id': 53, 'name': '스릴러'}]","[9976, 98661, 114894]",[1102370],879538
스마일,2022-09-23,4674.437,734,6.8,"[{'id': 27, 'name': '공포'}, {'id': 53, 'name': '스릴러'}, {'id': 9648, 'name': '미스테리'}]","[59219, 145245, 1396124]",[2218465],882598
혼자가 아닌,2022-04-01,416.182,145,6.6,"[{'id': 18, 'name': '드라마'}, {'id': 27, 'name': '공포'}, {'id': 36, 'name': '역사'}]","[20699, 587823, 1617466]",[1844423],883083
토고,2022-10-05,470.982,54,6.5,"[{'id': 18, 'name': '드라마'}, {'id': 80, 'name': '범죄'}]","[230222, 3268997, 3268998]",[230217],884363
배트맨과 슈퍼맨: 아들들의 전투,2022-10-17,456.674,138,8.0,"[{'id': 16, 'name': '애니메이션'}, {'id': 28, 'name': '액션'}, {'id': 878, 'name': 'SF'}]","[75037, 1277364, 1774679]",[1637776],886396
톰과 제리 카우보이 업,2022-01-24,133.783,392,6.9,"[{'id': 16, 'name': '애니메이션'}, {'id': 35, 'name': '코미디'}, {'id': 37, 'name': '서부'}, {'id': 10751, 'name': '가족'}]","[82816, 1984038, 2727292]",[94177],892153
King,2022-02-16,163.06,129,6.7,"[{'id': 12, 'name': '모험'}, {'id': 35, 'name': '코미디'}, {'id': 10751, 'name': '가족'}]","[47337, 1508677, 1576701]",[56735],892527
아메리칸 시카리오: 데이 오브 블러드,2021-12-10,148.489,80,6.0,"[{'id': 28, 'name': '액션'}, {'id': 80, 'name': '범죄'}]","[11160, 48530, 3294354]",[582827],893297
Virus :32,2022-04-21,240.182,174,7.1,"[{'id': 27, 'name': '공포'}]","[131867, 2300951, 3326346]",[542246],893370
벤데타,2022-05-17,160.508,181,6.4,"[{'id': 28, 'name': '액션'}]","[11155, 51995, 85977]",[583932],894169
웨어울프 바이 나이트,2022-09-25,210.073,644,7.1,"[{'id': 14, 'name': '판타지'}, {'id': 27, 'name': '공포'}, {'id': 28, 'name': '액션'}, {'id': 10770, 'name': 'TV 영화'}]","[258, 538, 95706]",[15347],894205
언더 샤크,2022-04-01,166.507,51,6.9,"[{'id': 14, 'name': '판타지'}, {'id': 27, 'name': '공포'}, {'id': 53, 'name': '스릴러'}, {'id': 9648, 'name': '미스테리'}]","[216988, 2536386, 2564032]",[1698684],896448
오버도즈,2022-11-04,1289.422,78,6.5,"[{'id': 28, 'name': '액션'}, {'id': 53, 'name': '스릴러'}, {'id': 80, 'name': '범죄'}]","[20671, 110424, 1018984]",[52342],896485
The Bad Seed Returns,2022-09-05,160.969,32,7.0,"[{'id': 18, 'name': '드라마'}, {'id': 27, 'name': '공포'}, {'id': 53, 'name': '스릴러'}, {'id': 10770, 'name': 'TV 영화'}]","[81095, 125026, 1172108]",[127494],897338
다크 클라우드,2022-05-09,125.1,64,6.5,"[{'id': 27, 'name': '공포'}, {'id': 53, 'name': '스릴러'}, {'id': 878, 'name': 'SF'}, {'id': 9648, 'name': '미스테리'}]","[223920, 1197058, 3307171]",[1976838],897424
해리 포터 20주년: 리턴 투 호그와트,2022-01-01,155.462,2266,7.4,"[{'id': 99, 'name': '다큐멘터리'}]","[10980, 10989, 10990]",[999760],899082
Frank and Penelope,2022-06-03,598.3,30,7.4,"[{'id': 27, 'name': '공포'}, {'id': 53, 'name': '스릴러'}, {'id': 80, 'name': '범죄'}]","[6863, 51670, 54789]",[54789],899294
원피스 필름 레드,2022-08-06,645.535,184,7.4,"[{'id': 12, 'name': '모험'}, {'id': 14, 'name': '판타지'}, {'id': 16, 'name': '애니메이션'}, {'id': 28, 'name': '액션'}]","[90561, 203473, 3659896]",[90502],900667
El test,2022-09-02,127.393,17,6.5,"[{'id': 35, 'name': '코미디'}]","[27462, 106817, 560247]",[1200444],901944
Madagascar: A Little Wild Holiday Goose Chase,2021-11-26,593.285,6,5.3,"[{'id': 16, 'name': '애니메이션'}, {'id': 35, 'name': '코미디'}]","[2175116, 2587804, 2773215]",[1496456],904039
노 리미트,2022-09-09,201.726,204,6.2,"[{'id': 18, 'name': '드라마'}]","[439097, 1128902, 2199581]",[104025],911129
버블,2022-02-14,139.177,263,7.5,"[{'id': 12, 'name': '모험'}, {'id': 16, 'name': '애니메이션'}, {'id': 878, 'name': 'SF'}]","[1320678, 1434085, 3447750]",[1148353],912598
Teen Titans Go! & DC Super Hero Girls: Mayhem in the Multiverse,2022-05-23,137.993,64,6.9,"[{'id': 16, 'name': '애니메이션'}, {'id': 28, 'name': '액션'}, {'id': 35, 'name': '코미디'}]","[15762, 60227, 113916]",[1637776],913205
바바리안,2022-09-08,372.823,756,7.0,"[{'id': 27, 'name': '공포'}, {'id': 53, 'name': '스릴러'}]","[15033, 137905, 1335315]",[84833],913290
"모니카, 오 마이 달링",2022-11-11,742.469,15,7.5,"[{'id': 18, 'name': '드라마'}, {'id': 35, 'name': '코미디'}, {'id': 80, 'name': '범죄'}]","[117727, 223167, 1108805]",[1086433],915831
인퍼널 머신,2022-09-23,764.732,127,6.9,"[{'id': 53, 'name': '스릴러'}, {'id': 9648, 'name': '미스테리'}]","[529, 4654, 59860]",[2441040],916605
코드 네임 밴쉬,2022-07-01,486.874,45,5.1,"[{'id': 28, 'name': '액션'}, {'id': 53, 'name': '스릴러'}]","[2478, 3131, 5915]",[74629],916719
드래곤 나이트,2022-03-21,343.175,32,7.1,"[{'id': 12, 'name': '모험'}, {'id': 14, 'name': '판타지'}, {'id': 28, 'name': '액션'}]","[2598151, 3356551, 3356554]",[1162038],919355
와이어 룸,2022-09-02,356.471,106,6.8,"[{'id': 28, 'name': '액션'}, {'id': 53, 'name': '스릴러'}, {'id': 80, 'name': '범죄'}]","[62, 6863, 1395206]",[231705],921360
더 렛지,2022-02-18,555.1,128,6.2,"[{'id': 12, 'name': '모험'}, {'id': 28, 'name': '액션'}, {'id': 53, 'name': '스릴러'}, {'id': 80, 'name': '범죄'}, {'id': 9648, 'name': '미스테리'}]","[1173231, 1197948, 2931841]",[572295],924482
Living with Chucky,2022-08-13,141.517,4,5.5,"[{'id': 27, 'name': '공포'}, {'id': 99, 'name': '다큐멘터리'}]","[1370, 65683, 1906603]",[1906603],926762
더 하우스,2022-01-14,154.062,764,7.1,"[{'id': 14, 'name': '판타지'}, {'id': 16, 'name': '애니메이션'}, {'id': 18, 'name': '드라마'}, {'id': 27, 'name': '공포'}, {'id': 35, 'name': '코미디'}]","[1247, 36663, 1137824]",[24618],926899
Hunting Ava Bravo,2022-04-01,237.506,83,6.4,"[{'id': 12, 'name': '모험'}, {'id': 18, 'name': '드라마'}, {'id': 27, 'name': '공포'}, {'id': 28, 'name': '액션'}, {'id': 53, 'name': '스릴러'}, {'id': 80, 'name': '범죄'}, {'id': 9648, 'name': '미스테리'}, {'id': 10752, 'name': '전쟁'}]","[36628, 46772, 3383821]",[1113663],927341
Dracula: The Original Living Vampire,2022-01-28,499.528,46,5.5,"[{'id': 14, 'name': '판타지'}, {'id': 27, 'name': '공포'}, {'id': 53, 'name': '스릴러'}]","[11086, 1648814, 3386521]",[1097187],928015
장진호지수문교,2022-02-01,689.69,25,6.6,"[{'id': 18, 'name': '드라마'}, {'id': 28, 'name': '액션'}, {'id': 36, 'name': '역사'}, {'id': 10752, 'name': '전쟁'}]","[78871, 126736, 2223265]",[20640],928123
위어드: 알 얀코빅 스토리,2022-09-08,365.435,86,6.7,"[{'id': 18, 'name': '드라마'}, {'id': 35, 'name': '코미디'}, {'id': 10402, 'name': '음악'}]","[10980, 11678, 38940]",[1113994],928344
The Red Book Ritual,2022-09-12,1063.475,5,6.2,"[{'id': 27, 'name': '공포'}]","[2880085, 3700533, 3700534]",[1458309],928391
Whisper,2022-01-23,683.041,38,6.3,"[{'id': 27, 'name': '공포'}, {'id': 53, 'name': '스릴러'}]","[1697473, 1782078, 1912565]",[1494681],928773
아너 소사이어티,2022-07-23,146.878,173,8.0,"[{'id': 35, 'name': '코미디'}]","[54691, 1265629, 1653291]",[2533250],929170
Llegaron de noche,2022-03-25,148.589,2,6.0,"[{'id': 18, 'name': '드라마'}]","[24977, 1027673, 1128383]",[224884],929453
El gerente,2022-10-20,197.635,40,8.2,"[{'id': 35, 'name': '코미디'}]","[19803, 103431, 562364]",[567536],931925
Un novio para mi mujer,2022-07-22,180.437,9,4.7,"[{'id': 35, 'name': '코미디'}, {'id': 10749, 'name': '로맨스'}]","[112901, 126771, 1423493]",[133526],932339
언더 랩스 2,2022-09-25,478.318,26,6.6,"[{'id': 14, 'name': '판타지'}, {'id': 10751, 'name': '가족'}, {'id': 10770, 'name': 'TV 영화'}]","[1836114, 1983013, 2705566]",[88077],936061
Curious Caterer: Dying for Chocolate,2022-04-10,160.792,14,6.4,"[{'id': 9648, 'name': '미스테리'}, {'id': 10770, 'name': 'TV 영화'}]","[59750, 134673, 2352125]",[1193854],936897
크리스마스 위드 유,2022-11-17,138.807,29,5.5,"[{'id': 35, 'name': '코미디'}, {'id': 10749, 'name': '로맨스'}]","[33260, 56457, 2733818]",[84437],936960
The Tipping Point,2022-11-11,298.842,0,0.0,"[{'id': 18, 'name': '드라마'}, {'id': 80, 'name': '범죄'}]","[70437, 1174685, 1675909]",[],939754
Un crimen argentino,2022-08-25,220.418,11,6.2,"[{'id': 53, 'name': '스릴러'}]","[1208255, 1208258, 2483053]",[3437902],941959
Mamá no enRedes,2022-07-01,201.335,11,6.0,"[{'id': 35, 'name': '코미디'}]","[96428, 1155088, 1350277]",[130987],942999
테이크오버,2022-11-01,914.718,70,5.7,"[{'id': 28, 'name': '액션'}, {'id': 53, 'name': '스릴러'}, {'id': 80, 'name': '범죄'}]","[567001, 1112244, 1486382]",[1282094],944864
Titanic 666,2022-04-15,158.676,115,6.3,"[{'id': 27, 'name': '공포'}, {'id': 53, 'name': '스릴러'}]","[50668, 155669, 210573]",[21825],945657
一周的朋友,2022-06-18,229.505,3,6.7,"[{'id': 18, 'name': '드라마'}]","[1922808, 2113005, 2312400]",[1406214],945675
사라진 탄환 2,2022-11-10,1855.309,98,7.1,"[{'id': 18, 'name': '드라마'}, {'id': 28, 'name': '액션'}, {'id': 53, 'name': '스릴러'}]","[83966, 220692, 1145003]",[1188208],948276
Wakanda,2018-07-06,408.919,4,8.0,"[{'id': 10402, 'name': '음악'}]",[],[3384808],950044
Your Boyfriend Is Mine,2022-03-19,276.822,38,6.8,"[{'id': 28, 'name': '액션'}, {'id': 53, 'name': '스릴러'}, {'id': 10770, 'name': 'TV 영화'}]","[928116, 2568538, 3448718]",[1265524],951368
The Aviary,2022-04-29,182.187,19,5.9,"[{'id': 53, 'name': '스릴러'}]","[50463, 61659, 1078608]",[1114467],952374
Mia and Me: The Hero of Centopia,2022-05-26,576.208,39,7.4,"[{'id': 12, 'name': '모험'}, {'id': 14, 'name': '판타지'}, {'id': 16, 'name': '애니메이션'}]","[1253190, 1535053, 1900234]",[116736],955644
El monte,2022-08-18,155.593,1,2.0,"[{'id': 53, 'name': '스릴러'}]","[589484, 1142844, 1566871]",[1566869],960096
샤크 베이트,2022-05-13,202.381,175,6.0,"[{'id': 12, 'name': '모험'}, {'id': 27, 'name': '공포'}, {'id': 28, 'name': '액션'}, {'id': 53, 'name': '스릴러'}]","[1383391, 3498317, 3531064]",[1088096],960258
강철의 연금술사 완결편: 복수자 스카,2022-05-20,404.794,138,6.9,"[{'id': 12, 'name': '모험'}, {'id': 14, 'name': '판타지'}, {'id': 28, 'name': '액션'}]","[1247874, 1255487, 1488591]",[70103],960700
강철의 연금술사 완결편: 최후의 연성,2022-06-24,1021.716,120,6.3,"[{'id': 12, 'name': '모험'}, {'id': 14, 'name': '판타지'}, {'id': 28, 'name': '액션'}]","[1247874, 1255487, 1488591]",[70103],960704
Jaula,2022-09-09,392.948,121,6.3,"[{'id': 27, 'name': '공포'}, {'id': 53, 'name': '스릴러'}, {'id': 9648, 'name': '미스테리'}]","[3623, 1050908, 1209572]",[1489421],960875
Spirit Halloween: The Movie,2022-09-30,219.772,27,6.8,"[{'id': 12, 'name': '모험'}, {'id': 14, 'name': '판타지'}, {'id': 27, 'name': '공포'}, {'id': 10751, 'name': '가족'}]","[1062, 38581, 2069640]",[3503018],961427
분노의 추격자,2022-05-19,320.982,486,6.6,"[{'id': 28, 'name': '액션'}, {'id': 53, 'name': '스릴러'}]","[17276, 59817, 62649]",[80978],961484
비욘드 유니버스,2022-10-27,384.597,127,8.1,"[{'id': 18, 'name': '드라마'}, {'id': 35, 'name': '코미디'}, {'id': 10749, 'name': '로맨스'}]","[1563169, 1783088, 3505217]",[2703260],962232
Снайпер. Білий ворон,2022-05-03,3117.544,100,7.5,"[{'id': 18, 'name': '드라마'}, {'id': 28, 'name': '액션'}, {'id': 10752, 'name': '전쟁'}]","[2039497, 2232024, 3258776]",[3518356],966220
Looks Can Kill,2022-02-01,324.68,10,4.5,"[{'id': 53, 'name': '스릴러'}]","[1565408, 3254592, 3254594]",[3323719],968857
Deinfluencer,2022-10-01,409.441,3,6.0,"[{'id': 27, 'name': '공포'}, {'id': 53, 'name': '스릴러'}]","[2480289, 3529232, 3529234]",[2814493],969160
Padre no hay mas que Uno 3,2022-07-15,283.7,152,7.7,"[{'id': 35, 'name': '코미디'}, {'id': 10751, 'name': '가족'}]","[10847, 93467, 1423088]",[10847],975120
컬리전,2022-06-16,208.933,119,6.0,"[{'id': 18, 'name': '드라마'}, {'id': 53, 'name': '스릴러'}, {'id': 80, 'name': '범죄'}]","[37093, 136296, 3549292]",[1142937],975714
베스퍼,2022-08-17,406.769,198,6.8,"[{'id': 12, 'name': '모험'}, {'id': 18, 'name': '드라마'}, {'id': 878, 'name': 'SF'}]","[1665, 1503909, 2648396]",[995521],976720
Adanis: Kutsal Kavga,2022-03-11,148.905,12,5.5,"[{'id': 12, 'name': '모험'}, {'id': 18, 'name': '드라마'}, {'id': 28, 'name': '액션'}]","[582604, 1527369, 3558862]",[1861874],978436
온 더 라인,2022-10-31,1850.244,122,6.5,"[{'id': 53, 'name': '스릴러'}]","[2461, 5528, 6863]",[1564258],979924
Два холма. Фильм,2022-06-09,585.803,0,0.0,"[{'id': 35, 'name': '코미디'}, {'id': 878, 'name': 'SF'}]","[2128574, 2213731, 2536169]",[1430080],981588
11th Hour Cleaning,2022-07-05,350.369,15,5.8,"[{'id': 27, 'name': '공포'}]","[8179, 1454355, 1854123]",[3571278],982317
Roza,2022-08-03,159.856,1,2.0,"[{'id': 18, 'name': '드라마'}]",[],[2500017],982601
폴: 600미터,2022-08-11,1646.236,1757,7.3,"[{'id': 53, 'name': '스릴러'}]","[47296, 54633, 1279279]",[90812],985939
Hex,2022-11-01,351.912,2,3.0,"[{'id': 27, 'name': '공포'}, {'id': 28, 'name': '액션'}, {'id': 53, 'name': '스릴러'}]","[1518164, 1932306, 3675100]",[1420324],988233
Cat Pack: A PAW Patrol Exclusive Event,2022-06-24,151.897,60,7.6,"[{'id': 16, 'name': '애니메이션'}, {'id': 10751, 'name': '가족'}]",[],[],991833
불릿 프루프,2022-08-19,293.285,22,5.6,"[{'id': 28, 'name': '액션'}, {'id': 80, 'name': '범죄'}]","[980, 1808592, 3302929]",[1808592],993145
Hora de Brilhar,2022-07-29,205.211,1,0.0,"[{'id': 35, 'name': '코미디'}]","[1454188, 1755835, 2889226]",[1397422],993736
스나이퍼: 로그 미션,2022-08-15,255.443,65,6.9,"[{'id': 28, 'name': '액션'}, {'id': 53, 'name': '스릴러'}, {'id': 9648, 'name': '미스테리'}]","[77164, 228371, 1029717]",[1400889],997120
더 요트,2022-08-31,240.079,42,6.8,"[{'id': 28, 'name': '액션'}, {'id': 53, 'name': '스릴러'}]","[81685, 1053422, 1246972]",[1462081],999205
올드 피플,2022-10-07,152.278,148,5.9,"[{'id': 27, 'name': '공포'}]","[43453, 57064, 2286787]",[149119],999722
V/H/S/99,2022-09-15,305.091,97,6.4,"[{'id': 27, 'name': '공포'}, {'id': 53, 'name': '스릴러'}]","[1944267, 2992820, 3372628]",[100734],1005776
Acampamento Intergaláctico,2022-09-22,275.095,1,6.0,"[{'id': 12, 'name': '모험'}, {'id': 35, 'name': '코미디'}, {'id': 878, 'name': 'SF'}]","[1147280, 2183052, 2460627]",[1694871],1006381
오피스 인베이전,2022-08-10,302.778,89,5.8,"[{'id': 28, 'name': '액션'}, {'id': 35, 'name': '코미디'}, {'id': 878, 'name': 'SF'}]","[1465473, 2047714, 2583040]",[2450843],1006851
Mortal Kombat Legends: Snow Blind,2022-10-09,246.22,81,8.0,"[{'id': 14, 'name': '판타지'}, {'id': 16, 'name': '애니메이션'}, {'id': 28, 'name': '액션'}]","[1371, 1368795, 1509454]",[105642],1007401
Alice no Mundo da Internet,2022-08-05,142.33,4,2.8,"[{'id': 12, 'name': '모험'}, {'id': 14, 'name': '판타지'}]","[1253336, 1819651, 2460627]",[1694871],1008204
黄金大逃狱,2022-08-05,228.724,0,0.0,"[{'id': 18, 'name': '드라마'}, {'id': 80, 'name': '범죄'}]","[78877, 1132643, 1176155]",[],1008640
La Princesa,2022-02-01,347.683,75,7.4,"[{'id': 28, 'name': '액션'}]","[544443, 1889623, 2092366]",[1551199],1008779
그루트의 첫 발자국,2022-08-10,274.713,196,7.3,"[{'id': 16, 'name': '애니메이션'}, {'id': 35, 'name': '코미디'}, {'id': 878, 'name': 'SF'}, {'id': 10751, 'name': '가족'}]","[12835, 60279]",[1166002],1010818
작고 소중한 분,2022-08-10,159.571,149,7.5,"[{'id': 16, 'name': '애니메이션'}, {'id': 35, 'name': '코미디'}, {'id': 878, 'name': 'SF'}, {'id': 10751, 'name': '가족'}]","[12835, 78317, 186605]",[1166002],1010819
그루트의 수사,2022-08-10,139.627,144,7.3,"[{'id': 16, 'name': '애니메이션'}, {'id': 35, 'name': '코미디'}, {'id': 878, 'name': 'SF'}, {'id': 10751, 'name': '가족'}]","[12835, 15218, 82816]",[1166002],1010820
그루트의 샤워타임,2022-08-10,267.172,175,7.1,"[{'id': 16, 'name': '애니메이션'}, {'id': 35, 'name': '코미디'}, {'id': 878, 'name': 'SF'}, {'id': 10751, 'name': '가족'}]","[12835, 60279, 1382187]",[1166002],1010821
그루트의 마스터피스,2022-07-18,181.023,143,7.3,"[{'id': 16, 'name': '애니메이션'}, {'id': 35, 'name': '코미디'}, {'id': 878, 'name': 'SF'}, {'id': 10751, 'name': '가족'}]","[12835, 51329, 60279]",[1166002],1010823
Barbie: Mermaid Power,2022-10-14,203.791,29,7.4,"[{'id': 16, 'name': '애니메이션'}]","[63333, 2112099, 3038265]",[930478],1012801
R.I.P.D.:알.아이.피.디.  2,2022-11-15,1695.449,114,6.8,"[{'id': 14, 'name': '판타지'}, {'id': 28, 'name': '액션'}, {'id': 35, 'name': '코미디'}, {'id': 80, 'name': '범죄'}]","[3901, 52886, 1146114]",[1181315],1013860
Sonríe,2022-08-18,180.929,1,1.0,"[{'id': 27, 'name': '공포'}, {'id': 53, 'name': '스릴러'}]","[2191236, 3677766]",[3668537],1014226
심슨 가족: 웰컴 투 더 클럽,2022-09-08,337.219,114,6.7,"[{'id': 16, 'name': '애니메이션'}, {'id': 35, 'name': '코미디'}]","[200, 5586, 34983]",[197],1015602
Trick or Treat Scooby-Doo!,2022-10-04,349.691,116,7.4,"[{'id': 12, 'name': '모험'}, {'id': 16, 'name': '애니메이션'}, {'id': 35, 'name': '코미디'}, {'id': 9648, 'name': '미스테리'}, {'id': 10751, 'name': '가족'}]","[15761, 15831, 26457]",[2269906],1015724
Tom and Jerry Snowman's Land,2022-09-06,269.256,8,8.9,"[{'id': 12, 'name': '모험'}, {'id': 16, 'name': '애니메이션'}, {'id': 35, 'name': '코미디'}, {'id': 10751, 'name': '가족'}]","[54427, 59784, 1217137]",[94177],1018403
아내 빌리기,2022-10-11,150.66,68,6.3,"[{'id': 35, 'name': '코미디'}, {'id': 10749, 'name': '로맨스'}]","[583626, 1185619, 1499308]",[222203],1022206
셀레나 고메즈: 마이 마인드 앤드 미,2022-11-04,238.576,134,8.6,"[{'id': 99, 'name': '다큐멘터리'}, {'id': 10402, 'name': '음악'}]","[77948, 2748908, 3768916]",[50949],1022256
악마의 워크숍,2022-09-30,195.649,57,6.1,"[{'id': 27, 'name': '공포'}]","[8329, 46593, 1493433]",[1702180],1023086
그림커티,2022-10-10,514.148,211,5.6,"[{'id': 27, 'name': '공포'}]","[27855, 1129806, 3620497]",[1062420],1024530
매트리악,2022-10-11,524.027,44,5.4,"[{'id': 27, 'name': '공포'}]","[62932, 71083, 1602723]",[1450921],1024535
더 트랩트 13: 태국 동굴 조난 사건,2022-10-05,320.647,6,6.3,"[{'id': 99, 'name': '다큐멘터리'}]",[],[2399479],1025169
지지,2022-10-27,137.958,16,6.1,"[{'id': 18, 'name': '드라마'}]","[121426, 145389, 1254540]",[1685734],1026822
Selina's Gold,2022-10-24,165.686,15,7.1,"[{'id': 18, 'name': '드라마'}]","[239975, 1649625, 3194176]",[227162],1029446
헬홀,2022-10-26,255.1,116,6.0,"[{'id': 27, 'name': '공포'}]","[107571, 136642, 1515486]",[1673501],1032950
와일드 이즈 더 윈드,2022-10-28,660.929,33,5.9,"[{'id': 18, 'name': '드라마'}, {'id': 80, 'name': '범죄'}]","[2614, 93913, 1181396]",[3744992],1033107
바비: 모험을 떠나요,2022-10-25,477.707,5,7.2,"[{'id': 16, 'name': '애니메이션'}, {'id': 35, 'name': '코미디'}, {'id': 10751, 'name': '가족'}]","[63333, 1440178, 3038265]",[92125],1034470
Terrifier 3,,279.214,0,0.0,"[{'id': 14, 'name': '판타지'}, {'id': 27, 'name': '공포'}, {'id': 53, 'name': '스릴러'}]","[1880016, 1882502, 2787720]",[933176],1034541
La caída,2022-10-24,437.202,7,8.4,"[{'id': 18, 'name': '드라마'}]","[144275, 1096780, 3748551]",[69309],1037603
미션 축구: 돌연변이를 무찔러라!,2022-11-09,1261.373,33,7.0,"[{'id': 16, 'name': '애니메이션'}, {'id': 35, 'name': '코미디'}, {'id': 10751, 'name': '가족'}]","[71041, 1066986, 2087866]",[1234311],1037858
Franco Escamilla: Voyerista auditivo,2022-10-23,365.902,54,8.7,"[{'id': 35, 'name': '코미디'}]",[2021651],[1698815],1039026
L.O.L. Surprise! Winter Fashion Show,2022-10-24,326.824,18,7.9,"[{'id': 16, 'name': '애니메이션'}]",[],[51959],1039627
돈 리브,2022-11-11,514.973,10,5.3,"[{'id': 18, 'name': '드라마'}, {'id': 10749, 'name': '로맨스'}]","[115008, 1577490, 1584273]",[145509],1040263
Black Adam: Saviour or Destroyer?,2022-10-15,367.133,181,7.1,"[{'id': 99, 'name': '다큐멘터리'}]",[18918],[],1040330
오르가즘 주식회사: 쾌락을 판 어느 회사의 진실,2022-11-05,600.142,20,6.0,"[{'id': 99, 'name': '다큐멘터리'}]",[],[60007],1040603
Alapaap,2022-11-18,165.374,0,0.0,"[{'id': 53, 'name': '스릴러'}]","[1497374, 3460359, 3749683]",[3583745],1041888
Pamasahe,2022-12-09,212.992,0,0.0,[],"[1044236, 1052738, 3646307]",[1495470],1041898
20/20 Presents Black Panther: In Search of Wakanda,2022-11-04,426.947,0,0.0,"[{'id': 99, 'name': '다큐멘터리'}]","[2395, 1056121, 1215522]",[3773187],1043835
